VIII	preferred	Bolesti uva i mastoidnog nastavka
VIII	exclusion	Stanja nastala u porođajnom periodu (P00–P96)
VIII	exclusion	Zarazne i parazitarne bolesti (A00–B99)
VIII	exclusion	Komplikacije trudnoće, porođaja i babinja (O00–O99)
VIII	exclusion	Urođene nakaznosti, deformacije i hromozomske nenormalnosti (Q00– Q99)
VIII	exclusion	Bolesti žlijezda sa unutrašnjim lučenjem, ishrane i metabolizma (E00–E90)
VIII	exclusion	Povrede, trovanja i posljedice djelovanja spoljašnjih uzroka (S00–T98)
VIII	exclusion	Tumori (C00–D48)
VIII	exclusion	Simptomi, znaci i nenormalni klinički i laboratorijski nalazi (R00–R99)
H60-H62	preferred	Bolesti spolješnjeg uva
H60	preferred	Zapaljenje spoljašnjeg uva
H60.0	preferred	Apsces spoljašnjeg uva
H60.0	inclusion	Ulkus (grizlica) aurikule ili spoljašnjeg ušnog kanala
H60.0	inclusion	Karbunkul aurikule ili spoljašnjeg ušnog kanala
H60.0	inclusion	Furunkul aurikule ili spoljašnjeg ušnog kanala
H60.1	preferred	Flegmona (difuzno gnojno zapaljenje) spoljašnjeg uva
H60.1	inclusion	Flegmona (difuzno gnojno zapaljenje)  aurikule
H60.1	inclusion	Flegmona (difuzno gnojno zapaljenje) spoljašnjeg ušnog kanala
H60.2	preferred	Teško zapaljenje spoljašnjeg uva
H60.3	preferred	Drugo zarazno zapaljenje spoljašnjeg uva
H60.3	inclusion	Difuzno zapaljenje spoljašnjeg uva
H60.3	inclusion	Hemoragično zapaljenje spoljašnjeg uva
H60.3	inclusion	Plivačko uvo
H60.4	preferred	Holesteatom spoljašnjeg uva
H60.4	inclusion	Pokožična tvorevina spoljašnjeg uva
H60.5	preferred	Akutno nezarazno zapaljenje spoljašnjeg uva
H60.5	inclusion	Akutno zapaljenje spoljašnjeg uva neoznačeno
H60.5	inclusion	Akutno aktinično zapaljenje spoljašnjeg uva
H60.5	inclusion	Akutno zapaljenje spoljašnjeg uva izazvano hemikalijama
H60.5	inclusion	Akutno kontaktno zapaljenje spoljašnjeg uva
H60.5	inclusion	Akutno ekcematozno zapaljenje spoljašnjeg uva
H60.5	inclusion	Akutno reaktivno zapaljenje spoljašnjeg uva
H60.8	preferred	Drugo zapaljenje spoljašnjeg uva
H60.8	inclusion	Hronično zapaljenje spoljašnjeg uva, neoznačeno
H60.9	preferred	Zapaljenje spoljašnjeg uva, neoznačeno
H61	preferred	Druge poremećaji spoljašnjeg uva
H61.0	preferred	Zapaljenje tkiva oko hrskavice spoljašnjeg uva
H61.0	inclusion	Hronični nodularni hondrodermatitis heliksa
H61.0	inclusion	Zapaljenje tkiva oko hrskavice ušne školjke
H61.0	inclusion	Zapaljenje tkiva oko hrskavice ušne školjke
H61.1	preferred	Nezarazni poremećaji ušne školjke
H61.1	inclusion	Stečeni deformitet ušne školjke
H61.1	inclusion	Stečeni deformitet ušne školjke
H61.1	exclusion	Isključuje: auris cymosa (M95.1)
H61.2	preferred	Čep od ušne masti u spoljašnjem ušnom kanalu (opturacioni cerumen)
H61.2	inclusion	Ušna mast u spoljašnjem ušnom kanalu (cerumen)
H61.3	preferred	Stečeno suženje spoljašnjeg ušnog kanala
H61.3	inclusion	Kolaps spoljašnjeg ušnog kanala
H61.8	preferred	Drugi označeni poremećaji spoljašnjeg uva
H61.8	inclusion	Egzostoza spoljašnjeg ušnog kanala
H61.9	preferred	Poremećaj spoljašnjeg uva, neoznačen
H62	preferred	Poremećaji spoljašnjeg uva u drugim bolestima
H62.0	preferred	Zapaljenje spoljašnjeg uva u bakterijskim bolestima klasifikovanim na drugom mestu
H62.0	inclusion	Zapaljenje spoljašnjeg uva u erizipelu A46
H62.1	preferred	Zapaljenje spoljašnjeg uva u bolestima uzrokovanim virusima klasifikovanim na drugom mjestu
H62.1	inclusion	Zapaljenje spoljašnjeg uva u bolestima uzrokovanim herpes virusom (herpes simpleks) B00.1
H62.1	inclusion	Zapaljenje spoljašnjeg uva uzrokovano herpes zoster virusom B02.8
H62.2	preferred	Zapaljenje spoljašnjeg uva u bolestima uzrokovanim gljivicama
H62.2	inclusion	Zapaljenje spoljašnjeg uva u bolestima uzrokovanim aspergilozom  (B44.8)
H62.2	inclusion	Zapaljenje spoljašnjeg uva u bolestima uzrokovanim kandidijazom (B37.2)
H62.2	inclusion	Otomikoza neoznačeno B36.9
H62.3	preferred	Zapaljenje spoljašnjeg uva u zaraznim i parazitarnim bolestima klasifikovanim na drugom mestu
H62.4	preferred	Zapaljenje spoljašnjeg uva u drugim bolestima klasifikovanim na drugom mjestu
H62.4	inclusion	Zapaljenje spoljašnjeg uva u imeptigu (L01.-)
H62.8	preferred	Drugi poremećaji spoljašnjeg uva u bolestima klasifikovanim na drugom mestu
H65-H75	preferred	Bolesti srednjeg uva i mastoidnog nastavka
H65	preferred	Negnojno zapaljenje srednjeg uva
H65	inclusion	sa zapaljenjem bubne opne
H65	coding-hint	Koristite dodatni kod (H72), ako želite da identifikujete prisustvo perforirane bubne opne
H65.0	preferred	Akutno serozno zapaljenje srednjeg uva
H65.0	inclusion	Akunto i subakutno sekretorno zapaljenje srednjeg uva
H65.1	preferred	Drugo negnojno zapaljenje srednjeg uva
H65.1	inclusion	Zapaljenje srednjeg uva, akutno i subakutno: alergijsko (mukozno) (hemoragično) (serozno)
H65.1	inclusion	Zapaljenje srednjeg uva akutno i subakutno: mukozno
H65.1	inclusion	Zapaljenje srednjeg uva akutno i subakutno: negnojno neoznačeno
H65.1	inclusion	Zapaljenje srednjeg uva akutno i subakutno: hemoragično
H65.1	inclusion	Zapaljenje srednjeg uva akutno i subakutno: seromukozno
H65.1	exclusion	Zapaljenje usled povreda uva izazvanom povišenim pritiskom vazduha
H65.1	exclusion	Zapaljenje srednjeg uva (akutno) nespecifično H66.9
H65.2	preferred	Hronično serozno zapaljenje srednjeg uva
H65.2	inclusion	Hronično tubotimpanično zapaljenje (katar)
H65.3	preferred	Hronično mukozno zapaljenje srednjeg uva
H65.3	inclusion	Zapaljenje srednjeg uva sa izlivom
H65.3	inclusion	Zapaljenje srednjeg uva:mukozno
H65.3	inclusion	Zapaljenje srednjeg uva: hronično: sekretorno
H65.3	inclusion	Zapaljenje srednjeg uva, hronično sa transudacijom
H65.3	exclusion	Adheziona oboljenja srednjeg uva H74.1
H65.4	preferred	Drugo hronično negnojno zapaljenje srednjeg uva
H65.4	inclusion	Zapaljenje srednjeg uva, hronično: alergijsko
H65.4	inclusion	Zapaljenje srdnjeg uva, hronično: eksudativno
H65.4	inclusion	Zapaljjenje srednjeg uva, hronično negnojno nespecifično
H65.4	inclusion	Zapaljenje srednjeg uva, hronično: seromukozno
H65.4	inclusion	Zapaljenje srednjeg uva, hronično: sa izlivom (negnojnim)
H65.9	preferred	Negnojno zapaljenje srednjeg uva, neoznačeno
H65.9	inclusion	Alergijsko zapaljenje srednjeg uva
H65.9	inclusion	Kataralno zapaljenje srednjeg uva
H65.9	inclusion	Eksudativno zapaljenje srednjeg uva
H65.9	inclusion	Mukozno zapaljenje srednjeg uva
H65.9	inclusion	Sekretorno zapaljenje srednjeg uva
H65.9	inclusion	Seromukozno zapaljenje srednjeg uva
H65.9	inclusion	Serozno zapeljenje srednjeg uva
H65.9	inclusion	Transudativno zapaljenje srednjeg uva
H65.9	inclusion	Zapaljenje srednjeg uva sa izlivom (negnojnim)
H66	preferred	Gnojno i neoznačeno zapaljenje srednjeg uva
H66	inclusion	sa zapaljenjem bubne opne
H66	coding-hint	Koristite dodatni kod (H72), ako želite da identifikujete prisustvo perforirane bubne opne.
H66.0	preferred	Akutno gnojno zapaljenje srednjeg uva
H66.1	preferred	Hronično tubotimpanično gnojno zapaljenje srednjeg uva
H66.1	inclusion	Benigno hronično gnojno zapaljenje srednjeg uva
H66.1	inclusion	Hronična tubotimpanična bolest
H66.2	preferred	Hronično atikoantralno gnojno zapaljenje srednjeg uva
H66.2	inclusion	Hronična atikoantralna bolest
H66.3	preferred	Drugo hronično gnojno zapaljenje srednjeg uva
H66.3	inclusion	Hronično gnojno zapaljenjej srednjeg uva, neoznačeno
H66.4	preferred	Gnojno zapaljenje srednjeg uva, neoznačeno, 
H66.4	inclusion	Gnojno zapaljenje srednjeg uva, nespecifično
H66.9	preferred	Zapaljenje srednjeg uva, neoznačeno
H66.9	inclusion	Zapaljenje srednjeg uva, nespecifično
H66.9	inclusion	Zapaljenje srednjeg uva akutno nespecifično
H66.9	inclusion	Zapaljenje srednjeg uva hronično nespecifično
H67	preferred	Zapaljenje srednjeg uva  u bolestima klasifikovanim na drugom mestu
H67.0	preferred	Zapaljenje srednje uva u bakterijskim bolestima klasifikovanim na drugom mestu
H67.0	inclusion	Zapanljenje srednjeg uva u bolestima uzrokovanim šarlahnom groznicom A38
H67.0	inclusion	Zapaljenje srednjeg uva u bolestima uzrokovanim bacilima tuberkuloze A 18.6
H67.1	preferred	Zapaljenje srednjeg uva  u virusnim bolestima klasifikovanim na drugom mestu
H67.1	inclusion	Zapaljenje srednjeg uva u bolestima uzrokovanim virusom influence J09-J11
H67.1	inclusion	Zapaljenje srednjeg uva u bolestima uzrokovanim virusom malih boginja B05.03
H67.8	preferred	Zapaljenje srednje uva u drugim bolestima, klasifikovanim na drugom mestu
H68	preferred	Zapaljenje i  opstrukcija (začepljenje) Eustahijeve tube
H68.0	preferred	Zapaljenje Eustahijeve tube
H68.1	preferred	Opstrukcija (začepljenje, okluzija) Eustahijeve tube
H68.1	inclusion	Kompresija Eustahijeve tube
H68.1	inclusion	Stenoza Eustahijeve tube
H68.1	inclusion	Striktura Eustahijeve tube
H69	preferred	Drugi poremećaji Eustahijeve tube
H69.0	preferred	Široko otvorena Eustahijeva tuba
H69.8	preferred	Drugi označeni poremećaji Eustahijeve tube
H69.9	preferred	Poremećaj Eustahijeve tube, neoznačen
H70	preferred	Zapaljenje mastoidnog nastavka i srodne bolesti
H70.0	preferred	Akutno zapaljenje mastoidnog nastavka
H70.0	inclusion	Apsces mastoidnog nastavka
H70.0	inclusion	Empijem mastoidnog nastavka
H70.1	preferred	Hronično zapaljenje mastoidnog nastavka
H70.1	inclusion	Karies (razaranje kosti) mastoidnog nastavka
H70.1	inclusion	Fistula mastoidnog nastavka
H70.2	preferred	Zapaljenje piramide sljepoočne kosti
H70.2	inclusion	Zapaljenje petrozne kosti (akutno) (hronično)
H70.8	preferred	Drugo zapaljenje mastoidnog nastavka i srodne bolesti
H70.9	preferred	Zapaljenje mastoidnog nastavka, neoznačeno
H71	preferred	Holesteatom (pokožična tvorevina) srednjeg uva
H71	inclusion	Holesteatom bubne opne
H71	exclusion	Holesteatom spoljašnjeg uva
H71	exclusion	Povratni holesteatom u šupljini nataloj poslije operacije mastoidektomije H95.0
H72	preferred	Perforacija bubne opne
H72	inclusion	Perzistenta perforacija bubne opne nakon traume
H72	inclusion	Perforacija bubne opne nakon zapaljenja
H72	exclusion	Traumatska ruptura bubne opne (S09.2)
H72.0	preferred	Centralna perforacija bubne opne
H72.1	preferred	Performacija bubne opne u gornjem dijelu
H72.1	inclusion	Perforacija bubne opne u labavom dijelu (pars flaccidae)
H72.2	preferred	Druge ivične perforacije bubne opne
H72.8	preferred	Druge perforacije bubne opne
H72.8	inclusion	Višestruke perforacije bubne opne
H72.8	inclusion	Perforacija(e) cijele bubne opne
H72.9	preferred	Perforacija bubne opne, neoznačena
H73	preferred	Ostali poremećaji bubne opne
H73.0	preferred	Akutno zapaljenje bubne opne
H73.0	inclusion	Akutno zapaljenje bubne opne
H73.0	inclusion	Bulozno zapaljenje bubne opne
H73.0	exclusion	sa zapaljenjem srednjeg uha  H65-H66
H73.1	preferred	Hronično zapaljenje bubne opne
H73.1	inclusion	Hronično zapaljenje bubne opne
H73.1	exclusion	sa zapaljenjem srednjeg uha  H65-H66
H73.8	preferred	Drugi označeni  poremećaji bubne opne
H73.9	preferred	Poremećaj bubne opne, neoznačen
H74	preferred	Drugi poremećaji (bolesti) srednjeg uva i mastoidnog nastavka
H74.0	preferred	Skleroza bubne opne i bubne duplje
H74.1	preferred	Adhezivna bolest srednjeg uva
H74.1	inclusion	Adhezivna bolest srednjeg uha
H74.1	exclusion	Hronično mukozno zapaljenje srednjeg uva
H74.2	preferred	Diskontinuitet i izmještanje slušnih koščica
H74.3	preferred	Druge stečene nenormalnosti slušnih koščica
H74.3	inclusion	Ukočenje zglobova slušnih koščica
H74.3	inclusion	Parcijalni gubitak slušnih koščica
H74.4	preferred	Polip srednjeg uva
H74.8	preferred	Drugi označeni poremećaji srednjeg uva i mastoidnog nastavka
H74.9	preferred	Poremećaj srednjeg uva i mastoidnog nastavka, neoznačen
H75	preferred	Ostali poremećaji srednjeg uva i mastoidnog nastavka u drugim bolestima
H75.0	preferred	Zapaljenje mastoidnog nastavka u zaraznim i parazitarnim bolestima
H75.0	inclusion	Tuberkulozno zapaljenje mastoidnog natavka A18.0 
H75.8	preferred	Drugi označeni poremećaji srednjeg uva i mastoidnog nastavka u bolestima klasifikovanim na drugom mestu
H80-H83	preferred	Bolesti unutrašnjeg uva
H80	preferred	Otoskleroza
H80	inclusion	Otospongioza
H80.0	preferred	Otoskleroza ovalnog prozora, neobliteriran (Delimična otoskleroza ovalnog prozora)
H80.1	preferred	Potpuna otoskleroza ovalnog prozora Otoskleroza ovalnog prozora, obliteriran
H80.2	preferred	Skleroza puža uva
H80.2	inclusion	Otoskleroza otične kapsule
H80.2	inclusion	Otoskleroza okruglog prozora
H80.8	preferred	Druga otoskleroza
H80.9	preferred	Otoskleroza, neoznačena
H81	preferred	Funkcijski poremećaji organa za ravnotežu
H81	exclusion	Nespecifična vrtoglavica  R42
H81	exclusion	Epidemijska vrtoglavica (A88.1)
H81.0	preferred	Menierova bolest
H81.0	inclusion	Hidrops labirinta
H81.0	inclusion	Syndroma Meniere ili vrtoglavica
H81.1	preferred	Benigna paroksizmalna vrtoglavica (napad obične vrtoglavice)
H81.2	preferred	Zapaljenje vestibularnog živca
H81.3	preferred	Druga periferna vrtoglavica
H81.3	inclusion	Syndroma Lermoyez
H81.3	inclusion	Vrtoglavica auralnog porijekla
H81.3	inclusion	Vrtoglavica otogenog porijekla
H81.3	inclusion	Vrtoglavica perifernog porijekla nespecifična
H81.4	preferred	Vrtoglavica centralnog porijekla
H81.4	inclusion	Centralni nistagmus
H81.8	preferred	Drugi poremećajii organa za ravnotežu 
H81.9	preferred	Poremećaj organa za ravnotežu, neoznačen
H81.9	inclusion	Vertigozni sindrom nespecifični
H82	preferred	Vertiginozni sindromi u bolestima klasifikovanim na drugom mestu
H83	preferred	Druge bolesti unutrašnjeg uva
H83.0	preferred	Zapaljenje labirinta
H83.1	preferred	Fistula labirinta
H83.2	preferred	Poremećaj funkcije unutrašnjeg uva
H83.2	inclusion	Pretjerana osjetljivost  unutrašnjeg uva
H83.2	inclusion	Hipofunkcija unutrašnjeg uva
H83.2	inclusion	Gubitak fukcije unutrašnjeg uva
H83.3	preferred	Štetne posledice buke na unutrašnje uvo
H83.3	inclusion	Akustična trauma
H83.3	inclusion	Gubitak sluha prozrokovan bukom
H83.8	preferred	Druge označene bolesti unutrašnjeg uva
H83.9	preferred	Bolest unutrašnjeg uva, neoznačena
H90-H95	preferred	Ostala bolesti uva
H90	preferred	 Konduktivni  i senzorineuralni gubitak sluha
H90	inclusion	Urođena gluvoća
H90	exclusion	Gluvonijemost, neklasifikovana na drugom mjestu H91.3
H90	exclusion	Gluvoća neoznačena H91.9
H90	exclusion	Gubitak sluha neoznačen H 91.9
H90	exclusion	Gubitak sluha uzrokovan bukom H83.3
H90	exclusion	Gubitak sluha izazvan toksinima H91.0
H90	exclusion	Iznenadni idiopatski gubitak sluha H91.2
H90.0	preferred	Konduktivni gubitak sluha, obostrani
H90.1	preferred	Konduktivni gubitak sluha, jednostrani
H90.2	preferred	Konduktivni gubitak sluha, neoznačen
H90.2	inclusion	Konduktivna gluvoća neoznačeno
H90.3	preferred	Obostrani perceptivni gubitak sluha
H90.4	preferred	Jednostrani perceptivni gubitak sluha sa očuvanim sluhom na suprotnoj strani
H90.5	preferred	Senzorineuralni  gubitak sluha, neoznačen
H90.5	inclusion	Urođena gluvoća nespecifčna
H90.5	inclusion	Gubitak sluha centralnog porijkla nespecifičan
H90.5	inclusion	Gubitak sluha centralnog porijekla nespecifičan
H90.5	inclusion	Gubitak sluha perceptivnog porijekla nespecifičan
H90.5	inclusion	Gubitak sluha senzornog porijekla nespecifičan
H90.5	inclusion	Senzorineuralna gluvoća nespecifična
H90.6	preferred	Mješoviti konduktivni i senzorineuralni gubitak sluha, obostrani
H90.7	preferred	 Mješoviti konduktivni i senzorineuralni gubitak sluha, jednostrani
H90.8	preferred	Mješoviti konduktivni i senzornoneuralni gubitak sluha, neoznačen
H91	preferred	Ostali (drugi) gubitak sluha
H91	exclusion	Nenormalne slušne percepcije H93.2
H91	exclusion	Gubitak sluha kao što je klasifikovano u H90.-
H91	exclusion	Opturacioni cerumen (H61.2)
H91	exclusion	Bukom izazvani gubitak sluha H83.3
H91	exclusion	Psihogena gluvoća
H91	exclusion	Prolazna ishemička gluvoća H93.0
H91.0	preferred	Ototoksicni gubitak sluha
H91.0	coding-hint	Koristiti dodatne šifre (poglavlje XX), da bi se identifikovao toksični agens.
H91.1	preferred	Staračka nagluvost
H91.1	inclusion	Staračka nagluvost
H91.2	preferred	Naglo nastali idiopatski gubitak sluha
H91.2	inclusion	Naglo nastali nespecifični gubitak sluha
H91.3	preferred	Gluvonijemost, neklasifikovana na drugom mjestu
H91.8	preferred	Drugi označeni gubitak sluha
H91.9	preferred	Gubitak sluha, neoznačen
H91.9	inclusion	Gluvoća neoznačena
H91.9	inclusion	Gluvoća na visokim frekvencijama
H91.9	inclusion	Gluvoća na niskim frekvencijama
H92	preferred	Bol u uvu i curenje iz uva
H92.0	preferred	Bol u uvu
H92.1	preferred	Curenje iz uva
H92.1	exclusion	Curenje cerebrospinalne tečnosti iz uva G96.0
H92.2	preferred	Krvarenje iz uva
H92.2	exclusion	Krvarenja iz uva zbog traume-oznaka u odnosu na tip povrede
H93	preferred	Ostali poremećaji uva, neklasifikovani na drugom mjestu
H93.0	preferred	Degenerativni i vaskularni poremećaji uva Poremećaji uva uzrokovani degenerativnim promenama uva i krvnih sudova
H93.0	inclusion	Prolazna ishemička gluvoća
H93.0	exclusion	Staračka nagluvost H91.1
H93.1	preferred	Zujanje u uvu
H93.2	preferred	Druge nenormalne slušne percepcije
H93.2	inclusion	Prolazna disakuzija
H93.2	inclusion	Diplakuzija
H93.2	inclusion	Hiperakuzija
H93.2	inclusion	Privremeni pomjeraj praga sluha
H93.2	exclusion	Čulne obmane sluha R44.0
H93.3	preferred	Poremećaji slušnog živca
H93.3	inclusion	Poremećaj osmog kranijalnog nerva
H93.8	preferred	Drug označeni poremećaji uva
H93.9	preferred	Poremećaj uva, neoznačen
H94	preferred	Drugi poremećaji uva u drugim bolestima
H94.0	preferred	Zapaljenje slušnog živca u zaraznim i parazitarnim bolestima klasifikovanim na drugom mestu
H94.0	inclusion	Zapaljenje slušnog živca u sifilisu (A52.1)
H94.8	preferred	Druge bolesti uva u bolestima klasifikovanim na drugom mestu
H95	preferred	Poremećaji uva i mastoidnog nastavka poslije intervencije, neklasifikovani na drugom mjestu
H95.0	preferred	Povratni holesteatom u mastoidnoj supljini poslije operacije
H95.1	preferred	Drugi poremećaji poslije operacije mastoidnog nastavka
H95.1	inclusion	Hronična zapaljenje šupljine nastale nakon operacije mastoidnog nastavka
H95.1	inclusion	Hronično granulomatozno zapaljenje šupljine nastale nakon operacije mastoidnog nastavka
H95.1	inclusion	Mukozna cista šupljine nastale nakon operacije mastoidnog nastavka
H95.8	preferred	Drugi poremećaji uva i mastoidnog nastavka poslije medicinske intervencije
H95.9	preferred	Poremećaj uva i mastoidnog nastavka poslije medicinske intervencije, neoznačen
		
IX	preferred	Bolesti sistema krvotoka
IX	exclusion	Određena stanja nastala u perinatalnom periodu (P00-P96)
IX	exclusion	Određene zarazne i parazitarne bolesti (A00-B99)
IX	exclusion	Komplikacije trudnoće, rađanja i babinja (O00-O99)
IX	exclusion	Urođene malformacije, deformacije i hromozomske nenormalnosti (Q00-Q99)
IX	exclusion	Bolesti žlezda sa unutrašnjim lučenjem, ishrane i metabolizma (E00-E90)
IX	exclusion	Povrede, trovanja i ostale posledice spoljašnjih uzroka (S00-T98)
IX	exclusion	Tumori (C00-D48)
IX	exclusion	Simptomi, znaci i patološki klinički i laboratorijski nalazi, neklasifikovani na drugom mestu (R00-R99)
IX	exclusion	Sistemska oboljenja vezivnog tkiva (M30-M36)
IX	exclusion	Tranzitorni moždani ishemični atak i povezani sindromi (G45.-)
I00-I02	preferred	Akutna reumatska groznica
I00	preferred	Reumatska groznica bez promjena na srcu
I00	inclusion	Reumatoidni artritis, akutni ili subakutni
I01	preferred	Reumatska groznica sa promjenama na srcu
I01	exclusion	Hronične reumatske bolesti (I05-I09) osim ukoliko je prisutna reumatska groznica ili postoji dokaz o ponovnoj pojavi ili aktivnosti reumatskog  procesa. U slučajevima kada postoji sumnja na reumatsku aktivnost u vreme smrti primeniti pravila i vodiče
I01.0	preferred	Akutni reumatski perikarditis
I01.0	inclusion	Bilo koje stanje I00 sa zapaljenjem perikarda
I01.0	inclusion	Akutni reumatski perikarditis
I01.0	exclusion	Akutni perikarditis 
I01.1	preferred	Akutno reumatsko zapaljenje endokarda
I01.1	inclusion	Bilo koje stanje I00 sa endokarditisom ili valvulitisom
I01.1	inclusion	Akutno reumatsko zapaljenje zalistaka
I01.2	preferred	Akutno reumatsko zapaljenje srčanog mišića
I01.2	inclusion	Bilo koje stanje I00 sa miokarditisom
I01.8	preferred	Druga akutna reumatska bolest srca
I01.8	inclusion	Bilo koje stanje I00 sa drugim ili višestrukim uključenjem srca
I01.8	inclusion	Akutni reumatsko zapaljenje endokarda, miokarda i perikarda (pankarditis)
I01.9	preferred	Akutna reumatska bolest srca, neoznačena
I01.9	inclusion	Bilo koje stanje I00 sa nespecifičnim uključenjem srca
I01.9	inclusion	Akutno reumatsko zapaljanje srca
I01.9	inclusion	Reumatska srčana bolest, aktivna ili akutna
I02	preferred	Reumatska horea
I02	inclusion	Sydenhamova horea (chorea Sydenham)
I02	exclusion	Horea koja nije drugačije definisana G25.5
I02	exclusion	Huntingtonova horea (G10)
I02.0	preferred	Reumatska horea sa promjenama na srcu
I02.0	inclusion	Horea koja nije drugačije definisana sa promenama na srcu
I02.0	inclusion	Reumatska horea sa promenama na srcu bilo kog tipa klasifikovanih pod I01.-
I02.9	preferred	Reumatska horeja bez promjena na srcu
I02.9	inclusion	Reumatska horea koja nije drugačije definisana
I05-I09	preferred	Hronična reumatska bolest srca
I05	preferred	Reumatske bolesti mitralnih zalistaka
I05	inclusion	Stanja klasifikovana do 105.0 i 105.2-105.9, bilo da su određena kao reumatska ili ne
I05	exclusion	Kada su određena kao nereumatska (I34.-)
I05.0	preferred	Suženje mitralnog ušća
I05.0	inclusion	Reumatska opstrukcija mitralnog zaliska
I05.1	preferred	Reumatska mitralna insuficijencija (nedovoljna funkcija mitralnog zaliska)
I05.1	inclusion	Inkompetencija mitralnog zaliska u reumatskoj bolesti
I05.1	inclusion	Regurgitacija mitralnog zaliska u reumatskoj bolesti
I05.2	preferred	Suženje i insuficijencija (nedovoljna funkcija) mitralnog zaliska
I05.2	inclusion	Suženje mitralnog ušća a sa inkompetencijom ili regurgitacijom
I05.8	preferred	Druge bolesti mitralnog zaliska
I05.8	inclusion	Nedovoljan rad mitralnog zaliska
I05.9	preferred	Bolest mitralnog zaliska, neoznačena
I05.9	inclusion	Poremećaj mitralnog zalistka (hronični) koji nije drugačije definisan
I06	preferred	Reumatske bolesti aortnog zaliska Reumatske bolesti aortnih zalistaka
I06	exclusion	Bolesti koje nisu određene kao reumatske (I35.-)
I06.0	preferred	Reumatsko suženje aorte aortnog zaliska
I06.0	inclusion	Reumatska opstrukcija aortnog zaliska
I06.1	preferred	Reumatska aortna insuficijencija
I06.1	inclusion	Reumatska aortna inkompetencija
I06.1	inclusion	Reumatska aortna iregurgitacija
I06.2	preferred	Reumatsko suženje sainsuficijencijom aorte
I06.2	inclusion	Reumatsko suženje aortnog zaliska sa inkompetencijom ili regurgitacijom
I06.8	preferred	Druge reumatske bolesti aortnog zaliska
I06.9	preferred	Reumatska bolest aortnog zaliska, neoznačena
I06.9	inclusion	Reumatska bolest aortnog zaliska, koja nije drugačije definisana
I07	preferred	Reumatska bolest trikuspidnog trolisnog zaliska
I07	inclusion	Kada je označena kao reumatska ili je nespecifičnog porekla
I07	exclusion	Kada je označena kao nereumatska (I36.-)
I07.0	preferred	Reumatsko suženje trikuspidalnog zaliska
I07.0	inclusion	Reumatsko suženje trikuspidalnog zaliska
I07.1	preferred	Reumatska nedovoljna funkcija trikuspidalnog zaliska
I07.1	inclusion	Reumatska insuficijencija trikuspidalnog zaliska
I07.2	preferred	Reumatsko suženje i insuficijencija trikuspidalnog zaliska
I07.8	preferred	Druge reumatske bolesti trikuspidalnog zaliska
I07.9	preferred	Reumatska bolest trikuspidalnog zaliska, neoznačena
I07.9	inclusion	Poremećaj trolisnog zaliska koji nije označen na drugi način
I08	preferred	Višestruke bolesti zalistaka srca
I08	inclusion	kada su označene kao reumatske ili nespecifičnog porekla
I08	exclusion	Endokarditis, zalistak neoznačen I38
I08	exclusion	Višestruke bolesti zalistaka srca specifičnog porekla osim reumatske bolesti srca;koristiti odgovarajuće šifre (I34-I38 , Q22-Q23 , Q24.8)
I08	exclusion	Reumatskae bolesti endokarda, zalistak neoznačen (I09.1)
I08.0	preferred	Poremećaji oba zalistka, mitralnog i aortnog
I08.0	inclusion	Uključenje i mitralnih i aortnih zalistaka bilo da je označeno kao reumatsko ili nespecifičnog porijekla
I08.1	preferred	Poremećaji (bolesti, oboljenja) oba zalistka, mitralnog i trikuspidalnog
I08.2	preferred	Poremećaji oba zalistka, aortnog trikuspidalnog
I08.3	preferred	Kombinovani poremećaji aortnih, mitralnih i trikuspidalnih zalistaka
I08.8	preferred	Druge višestruke bolesti zalistaka
I08.9	preferred	Višestruka bolest zaliska, neoznačena
I09	preferred	Ostale reumatske bolesti srca
I09.0	preferred	Reumatsko zapaljenje srčanog mišića
I09.0	exclusion	Zapaljenje miokarda koje nije označeno kao reumatsko (I51.4)
I09.1	preferred	Reumatskae bolesti endokarda, zalistak neoznačen
I09.1	inclusion	Reumatski endokarditis (hronični)
I09.1	inclusion	Reumatski valvulitis (hronični)
I09.1	exclusion	Endokarditis, zalistak neoznačen
I09.2	preferred	Hronično reumatsko zapaljenje perikarda
I09.2	inclusion	Adhezivni reumatski perikarditis
I09.2	inclusion	Hronični reumatski medijastinoperikarditis
I09.2	inclusion	Hronični reumatski mioperikarditis
I09.2	exclusion	koje nije označeno kao reumatsko I31.-
I09.8	preferred	Druge označene reumatske bolesti srca
I09.8	inclusion	Reumatska bolest plućnog zaliska
I09.9	preferred	Reumatska bolest srca, neoznačena
I09.9	inclusion	Reumatski karditis
I09.9	inclusion	Insuficijencija srca u reumatskoj bolesti
I09.9	exclusion	Reumatoidni karditis M05.3
I10-I15	preferred	Bolesti izazvane povišenim krvnim pritiskom
I10-I15	exclusion	Komplikacije trudnoće, porođaja i babinja (O10-O11, O13-O16)
I10-I15	exclusion	Ishemijske bolesti srca (I20-I25)
I10-I15	exclusion	Povišen krvni pritisak novorođenčeta P29.2
I10-I15	exclusion	Plućna hipertenzija I27.0
I10	preferred	Povišen krvni pritisak, nepoznatog porijekla
I10	inclusion	Visok krvni pritisak
I10	inclusion	Hipertenzija (arterijska) (benigna) (esencijalna) (maligna) (primarna) (sistemska)
I10	exclusion	uključujući krvne sudove mozga I60-I69
I10	exclusion	uključujući krvne sudove oka H35.0
I11	preferred	Bolest srca uzrokovana povišenim krvnim pritiskom
I11	inclusion	bilo koja stanja u (I50.-, I51.9) zbog hipertenzije
I11.0	preferred	Hipertenzivno oboljenje srca sa (kongestivnom) insuficijencijom srca
I11.0	inclusion	Otkazivanje srca zbog hipertenzije
I11.9	preferred	Hipertenzivno oboljenje srca bez (kongestivne) insuficijencije srca
I11.9	inclusion	Nespecifično hipertenzivno oboljenje srca
I12	preferred	Hipertenzivno oboljenje bubrega Oboljenje bubrega izazvano povišenim krvnim pritiskom
I12	inclusion	Bilo koje stanje u  (N00-N07, N18.-, N19.-, ili N26.) povezano sa hipertenzijom
I12	inclusion	Arterioskleroza bubrega
I12	inclusion	Arteriosklerotski nefritis (hronični) (intersticijalni)
I12	inclusion	Hipetenzivna nefropatija
I12	inclusion	Nefroskleroza
I12	exclusion	Sekundarno povišen krvni pritisak I15.-
I12.0	preferred	Hipertenzivno oboljenje bubrega sa insuficijencijom bubrega
I12.0	inclusion	Hipetenzivna insuficijencija bubrega
I12.9	preferred	Hipertenzivno oboljenje bubrega bez insuficijencije bubrega
I12.9	inclusion	Nespecifično hipertenzivno oboljenje bubrega
I13	preferred	Bolest srca i bolest bubrega uzrokovana povišenim krvnim pritiskom
I13	inclusion	Bilo koje stanje u (I11) povezana sa stanjem (I12):
I13	inclusion	bolest: kardiorenalna
I13	inclusion	bolest: kardiovaskulorenalna
I13.0	preferred	Bolest srca i bolest bubrega uzrokovana povišenim krvnim pritiskom sa (kongestivnom) insuficijencijom srca
I13.1	preferred	Hipertenzivna bolest srca i bubrega sa insuficijencijom bubrega
I13.2	preferred	 Hipertenzivna bolest srca i bubrega sa (kongestivnom) insuficijencijom srca i bubrega
I13.9	preferred	Hipertenzivna bolest srca i bubrega, neoznačena
I15	preferred	Sekundarno povišen krvni pritisak
I15	exclusion	Uključujući krvne sudove mozga I60-I69
I15	exclusion	Uključujući krvne sudove oka H35.0
I15.0	preferred	Povišen krvni pritisak bubrežno-vaskularnog porijekla
I15.1	preferred	Sekundarno povišen krvni pritisak u drugim bubrežnim poremećajima
I15.2	preferred	Sekundarno povišen krvni pritisak u bolestima žlijezda sa unutrašnjim lučenjem Sekundarno povišen krvni pritisak u endokrinim bolestima
I15.8	preferred	Drugi sekundarno povišen krvni pritisak
I15.9	preferred	Sekundarno povišen krvni pritisak, neoznačen
I20-I25	preferred	Ishemične bolesti srca
I20-I25	note	Za morbiditet, trajanje oboljenja koje je korišćeno u kategorizacijama I21, I22, I24 i I25 se odnosi na vrijeme od nastanka ishemijske epizode do prijema na liječenje. Za mortalitet, trajanje se odnosi na vrijeme od nastanka epizode do smrti.
I20-I25	inclusion	Prilikom pominjanja hipertenzije (I10-I15) 
I20-I25	coding-hint	koristiti dodatne šifre da bi se identifikovalo prisustvo hipertenzije.
I20	preferred	Angina pektoris
I20.0	preferred	Nestabilna angina pektoris
I20.0	inclusion	Progresivna (akcelerirajuća) angina
I20.0	inclusion	Novonastala angina pektoris
I20.0	inclusion	Angina pektoris sa pogoršanjem simptoma
I20.0	inclusion	Intermedijarni koronarni sindrom
I20.0	inclusion	Predinfarktno stanje (sindrom)
I20.1	preferred	Angina pektoris sa utvrđenim spazmom
I20.1	inclusion	Angiospastična angina
I20.1	inclusion	Prinzmetalova angina
I20.1	inclusion	Vazospastična angina
I20.1	inclusion	Variant angina
I20.8	preferred	Drugi oblici angine pektoris
I20.8	inclusion	Angina u naporu
I20.8	inclusion	Stenokardija
I20.9	preferred	Angina pektoris, neoznačena
I20.9	inclusion	Angina pektoris, nespecifična
I20.9	inclusion	Srčana angina
I20.9	inclusion	Sindrom angine pektoris
I20.9	inclusion	Bol u grudima izazvan ishemijom
I21	preferred	Akutni infarkt miokarda
I21	inclusion	Akutni infarkt miokarda  (ili sa najdužim trajanjem do 28 dana od početka napada)
I21	exclusion	Komplikacije nakon akutnog infarkta miokarda I 23.-
I21	exclusion	raniji infarkt miokarda I 25.2
I21	exclusion	infarkt miokarda: određen kao hroničan ili  sa utvrđenim trajanjem  duže od 4 nedelje (duže od 28 dana) od napada (I25.8)
I21	exclusion	ponovljeni infarkt miokarda I22.-
I21	exclusion	Postinfarktni sindrom I24.1-
I21.0	preferred	Akutani transmuralni infarkt prednjeg zida miokarda
I21.0	inclusion	Akutni transmuralni infarkt prednjeg zida: nespecifičan
I21.0	inclusion	Akutni transmuralni infarkt prednjeg zida: anteroapikalni
I21.0	inclusion	Akutni transmuralni infarkt prednjeg zida:anterolateralni
I21.0	inclusion	Transmuralni infarkt prednjeg zida: anteroseptalni
I21.1	preferred	Akutan transmuralni infarkt donjeg zida miokarda
I21.1	inclusion	Transmuralni infarkt donjeg (dijafragmalnog) zida
I21.1	inclusion	Akutni transmuralni infarkt donjeg zida, nespecifičan
I21.1	inclusion	Akutni transmuralni infarkt: inferolateralni
I21.1	inclusion	Akutni transmuralni infarkt inferoposteriorni
I21.2	preferred	Akutan transmuralni infarkt drugih djelovima zida miokarda
I21.2	inclusion	Akutni transmuralni infarkt: apikolateralni
I21.2	inclusion	Akutni transmuralni infarkt: bazo-lateralni
I21.2	inclusion	Akutni transmuralni infarkt: visoko lateralni
I21.2	inclusion	Akutni transmuralni infarkt lateralnog zida, nespecifičan
I21.2	inclusion	Akutni transmuralni infarkt zadnjeg zida
I21.2	inclusion	Akutni transmuralni infarkt: posterobazalni
I21.2	inclusion	Akutni transmuralni infarkt: posterolateralni
I21.2	inclusion	Akutni transmuralni infarkt: posteroseptalni
I21.2	inclusion	Akutni transmuralni infarkt : septalni, nespecifičan
I21.3	preferred	Akutan transmuralni infarkt neoznačenog dijela miokarda
I21.3	inclusion	Transmuralni infarkt miokarda, nespecifičan
I21.4	preferred	Akutan subendokardijalni infarkt miokarda
I21.4	inclusion	Netransmuralni infarkt miokarda, nespecifičan
I21.9	preferred	Akutan infarkt miokarda, neoznačen
I21.9	inclusion	Akutni infarkt miokarda, nespecifičan
I22	preferred	Ponovljeni akutni infarkt miokarda
I22	inclusion	Ekstenzivni infarkt miokarda
I22	inclusion	Rekurentni infarkt miokarda
I22	inclusion	Ponovljeni infarkt miokarda
I22	coding-hint	za kodiranje morbiditeta, ova kategorija se koristi za infarkt bilo kojeg djela miokarda, koji se javlja u toku od 4 nedelje (28 dana) od početka predhodnog infarkta.
I22	exclusion	duže od 4 nedelje (duže od 28 dana) od napada (I25.8)
I22.0	preferred	Ponovljeni akutan infarkt prednjeg zida miokarda
I22.0	inclusion	Ponovljeni akutni infarkt prednjeg zida, nespecifičan
I22.0	inclusion	Ponovljeni akutni infarkt prednjeg zida: anteroapikalni
I22.0	inclusion	Ponovljeni akutni infarkt prednjeg zida: anterolateralni
I22.0	inclusion	Ponovljeni akutni infarkt prednjeg zida: anteroseptalni
I22.1	preferred	Akutni ponovljeni infarkt donjeg zida miokarda
I22.1	inclusion	Akutni ponovljeni infarkt dijafragmalnog  zida miokarda
I22.1	inclusion	Akutni ponovljeni infarkt donjeg  zida miokarda, nespecifičan
I22.1	inclusion	Akutni ponovljeni infarkt :inferolateralni
I22.1	inclusion	Akutni ponovljeni infarkt :inferoposteriorni
I22.8	preferred	Ponovljeni akutan infarkt drugih mjesta miokarda
I22.8	inclusion	Akutni ponovljeni infarkt miokarda:apikolateralni
I22.8	inclusion	Akutni ponovljeni infarkt miokarda :bazolateralni
I22.8	inclusion	Akutni ponovljeni infarkt  miokarda:visokolateralni
I22.8	inclusion	Akutni ponovljeni infarkt lateralnog zida miokarda, nespecifičan
I22.8	inclusion	Akutni ponovljeni infarkt zadnjeg zida miokarda
I22.8	inclusion	Akutni ponovljeni infarkt  miokarda:posterobazalni
I22.8	inclusion	Akutni ponovljeni infarkt  miokarda:posterolateralni
I22.8	inclusion	Akutni ponovljeni infarkt  miokarda:posteroseptalni
I22.8	inclusion	Akutni ponovljeni infarkt  miokarda:septalni, nespecifični
I22.9	preferred	Ponovljeni akutan infarkt neoznačenog mjesta miokarda
I23	preferred	Akutna komplikacija poslije akutnog infarkta miokarda
I23	exclusion	u navedenim uslovima, kada je: istovremeno sa akutnim infarktom miokarda
I23	exclusion	u navedenim uslovima, kada: nije definisano kao akutna komplikacija poslije akutnog infarkta miokarda I31.-I51.-
I23.0	preferred	Ruptura srčanog zida sa hemoperikardom kao trenutna komplikacija, koja slijedi iz akutnog infarkta miokarda.
I23.1	preferred	Defekt pretkomorske pregrade kao komplikacija poslije akutnog infarkta miokarda
I23.2	preferred	Defekt komorske pregrade kao komplikacija poslije akutnog infarkta miokarda
I23.3	preferred	Ruptura zida srca bez hemoperikarda kao komplikacija poslije akutnog infarkta miokarda
I23.3	exclusion	sa hemoperikardom I23.0
I23.4	preferred	Ruptura tendinoznih hordi srčanog zalistka kao komplikacija poslije akutnog infarkta miokarda
I23.5	preferred	Ruptura papilarnih mišića srčanog zalistka kao komplikacija poslije akutnog infarkta miokarda
I23.6	preferred	Tromboza u pretkomori, aurikuli pretkomore i komori srca kao komplikacija poslije akutnog infarkta miokarda
I23.8	preferred	Druge komplikacije akutnog infarkta miokarda 
I24	preferred	Ostale akutne ishemijske bolesti srca
I24	exclusion	angina pektoris I20.-
I24	exclusion	prolazna ishemija miokarda novorođenčeta P29.4
I24.0	preferred	Koronarna tromboza, bez infarkta miokarda 
I24.0	inclusion	Embolizam koronarnih krvnih sudova (arterija) (vena) bez infarkta miokarda
I24.0	inclusion	Okluzija koronarnih krvnih sudova (arterija) (vena) bez infarkta miokarda
I24.0	inclusion	Tromboembolizam koronarnih krvnih sudova (arterija) (vena) bez infarkta miokarda
I24.0	exclusion	 navedeno kao hronično ili sa navedenim trajanjem duže od 4 nedelje (duže od 28 dana) od napada I25.8
I24.1	preferred	Dreslerov sindrom
I24.1	inclusion	Postinfarktni sindrom
I24.8	preferred	Drugi oblici ishemijske bolesti srca
I24.8	inclusion	koronarna insuficijencija
I24.8	inclusion	koronarna insuficijencija
I24.9	preferred	Akutna ishemijska bolest srca, neoznačena
I24.9	exclusion	Hronična ishemijska bolest srca,neoznačena
I25	preferred	Hronična ishemijska bolest srca
I25	exclusion	Bolest srca i krvnih sudova, neoznačena I51.6
I25.0	preferred	Aterosklerozna kardiovaskularna bolest
I25.1	preferred	Aterosklerozna bolest srca
I25.1	inclusion	Aterom koronarne arterije
I25.1	inclusion	Ateroskleroza koronarne arterije
I25.1	inclusion	Oboljenje koronarne arterije
I25.1	inclusion	Skleroza koronarne arterije
I25.2	preferred	Raniji infarkt miokarda
I25.2	inclusion	Izliječeni infarkt miokarda
I25.2	inclusion	Postinfarktni nalaz, dijagnostikovan EKG-om, trenutno bez pokazivanja simptoma
I25.3	preferred	Aneurizma srca
I25.3	inclusion	Muralna aneurizma
I25.3	inclusion	Komorska (ventrikularna) aneurizma
I25.4	preferred	Aneurizma koronarnih arterija
I25.4	inclusion	Stečena koronarna arteriovenska fistula
I25.4	exclusion	Urođena maloformacija koronarnih krvnih sudova (arterije) Q24.5
I25.5	preferred	Ishemijska kardiomiopatija
I25.6	preferred	Asimptomatska ishemija miokarda
I25.8	preferred	Drugi oblici hronicne ishemijske bolesti srca
I25.8	inclusion	Sva stanja u I21-I22 i I24.- označena kao hronična ili traju duže od 28 dana, od napada
I25.9	preferred	Hronična ishemijska bolest srca, neoznačena
I25.9	inclusion	Ishemijska bolest srca (hronična) neoznačena
I26-I28	preferred	Plućno srce i bolesti plućne cirkulacije (I26-I28)
I26	preferred	Plućna embolija
I26	inclusion	Infarkt plućnih krvnih sudova (arterija) (vena)
I26	inclusion	Tromboembolizam plućnih  krvnih sudova (arterija) (vena) bez infarkta miokarda
I26	inclusion	Tromboza plućnih krvnih sudova (arterija) (vena)
I26	exclusion	kao komplikacija pobačaja ili vanmaterične ili molarne trudnoće (O00-O07, O08.2)
I26	exclusion	Komplikacije trudnoće, porođaja i babinja (O88.-)
I26.0	preferred	Plućna embolija sa akutnim plućnim srcem
I26.0	inclusion	Akutno plućno srce, nespecifično
I26.9	preferred	Plućna embolija bez akutnog plućnog srca
I26.9	inclusion	
I27	preferred	Ostale kardiopulmonalne bolesti
I27.0	preferred	Primarna plućna hipertenzija
I27.1	preferred	Bolest srca uzrkovana kifoskoliozom
I27.2	preferred	Druga sekundarna plućna hipertenzija
I27.2	coding-hint	Koristiti dodatne šifre za identifikaciju uzroka.
I27.8	preferred	Druge označene kardiopulmonalne bolesti
I27.8	exclusion	Eisenmengerov defekt Q21.8
I27.9	preferred	Kardiopulmonalna bolest, neoznačena
I27.9	inclusion	Hronična kardiopulmonalna bolest
I27.9	inclusion	Hronično plućno srce, nespecifično
I28	preferred	Ostale bolesti krvnih sudova pluća
I28.0	preferred	Arterijsko-venska fistula krvnih sudova pluća
I28.1	preferred	Aneurizma plućne arterije
I28.8	preferred	Druge označene bolesti krvnih sudova pluća
I28.8	inclusion	Ruptura krvnih sudova pluća
I28.8	inclusion	Stenoza krvnih sudova pluća
I28.8	inclusion	Striktura krvnih sudova pluća
I28.9	preferred	Bolest krvnih sudova pluća, neoznačena
I30-I52	preferred	Drugi oblici bolesti srca
I30	preferred	Akutni perikarditis 
I30	inclusion	Akutni perikarditis sa izlivom
I30	exclusion	Akutno reumatsko zapaljenje perikarda
I30.0	preferred	Akutno neoznaćeno idiopatsko zapaljenje perikarda
I30.1	preferred	Infektivni perikarditis
I30.1	inclusion	Pneumokokni perikarditis
I30.1	inclusion	Purulentni perikarditis
I30.1	inclusion	Stafilokokni perikarditis
I30.1	inclusion	Streptokokni perikarditis
I30.1	inclusion	Virusni perikarditis
I30.1	inclusion	pyopericarditis
I30.1	coding-hint	Koristiti dodatne šifre (B95-B97) za identifikaciju infektivnog agensa.
I30.8	preferred	Drugi oblici akutnog zapaljenja perikarda
I30.9	preferred	Akutno zapaljenje perikarda, neoznačeno
I31	preferred	Ostale bolesti perikarda
I31	exclusion	Komplikacije posle akutnog infarkta miokarda I23.-
I31	exclusion	Sindrom posle operacije srca I97.0 
I31	exclusion	Povreda S26.-
I31	exclusion	kada je označeno kao reumatsko zapaljenje I09.2
I31.0	preferred	Hronično zapaljenje perikarda sa priraslicama
I31.0	inclusion	Accretio cordis (srastanje perikarda sa grudnim košem)
I31.0	inclusion	Priraslost perikarda
I31.0	inclusion	Adhezivni mediastinoperikarditis
I31.1	preferred	Hronično konstriktivno zapaljenje perikarda
I31.1	inclusion	Concretio cordis (srastanje površine srca sa perikardom)
I31.1	inclusion	Kalcifikacija perikarda
I31.2	preferred	Hemoperikard, neklasifikovan na drugom mjestu
I31.3	preferred	Nezapaljenjski izliv tečnosti u perikardu
I31.3	inclusion	Hiloperikard
I31.8	preferred	Druge označene bolesti perikarda
I31.8	inclusion	Epikardni plakovi
I31.8	inclusion	Fokalne perikardalne adhezije
I31.9	preferred	Bolest perikarda, neoznačena
I31.9	inclusion	Tamponada srca
I31.9	inclusion	Perikarditis (hronični) nespecifični
I32	preferred	Zapaljenje perikarda u drugim bolestima
I32.0	preferred	Zapaljenje perikarda u drugim bakterijskim bolestima
I32.0	inclusion	Perikarditis: gonokokni A54.8
I32.0	inclusion	Perikarditis: menigokokni A39.5
I32.0	inclusion	Perikarditis uzrokovan sifilisom A52.0
I32.0	inclusion	Perikarditis: tuberkulozni A18.8
I32.1	preferred	Zapaljenje perikarda u zaraznim i parazitarnim bolestima
I32.8	preferred	Zapaljenja perikarda u drugim bolestima
I32.8	inclusion	Perikarditis u reumatoidnoj bolesti (M05.3)
I32.8	inclusion	Perikarditis u sistemskom lupusu eritematodusu (M32.l)
I32.8	inclusion	Perikarditis u uremiji N18.-
I33	preferred	Akutno i subakutno zapaljenje endokarda
I33	exclusion	Akutni reumatski endokarditis I01.1 
I33	exclusion	Endokarditis nespecifični I38
I33.0	preferred	Akutno i subakutno zarazno zapaljenje endokarda
I33.0	inclusion	Endokarditis (akutni) (subakutni) bakterijski
I33.0	inclusion	Endokarditis (akutni) (subakutni) infektivni, neoznačen
I33.0	inclusion	Subakutni bakterijski endokarditis
I33.0	inclusion	
I33.0	inclusion	Endokarditis (akutni) (subakutni) septični
I33.0	inclusion	Endokarditis (akutni) (subakutni)ulcerozni
I33.0	coding-hint	Koristite dodatne kodove (B95-B98), ako želite da identifikujete prisustvo infektivnog agensa
I33.9	preferred	Akutno zapaljenje endokarda, neoznačeno
I33.9	inclusion	Akutni ili subakutni endokarditis
I33.9	inclusion	Akutni ili subakutni mioendokarditis
I33.9	inclusion	Akutni ili subakutni periendokarditis
I34	preferred	Nereumatski poremećaji mitralnog zaliska Nereumatske bolesti mitralnih zalistaka
I34	exclusion	Bolest mitralnog zaliska I05.9
I34	exclusion	Insuficijencija mitralnog zaliska I05.8
I34	exclusion	Stenoza mitralnog zaliska I05.0
I34	exclusion	kada uzrok nije definisan ali se pominje oboljenje aortnog zaliska I08.0
I34	exclusion	kada uzrok nije definisan ali se pominje mitralna stenoza ili opstrukcija I08.0
I34	exclusion	kada su označeni kao urođeni (Q23.2Q23.3)
I34	exclusion	kada su označeni kao reumatski I05.-
I34.0	preferred	Insuficijencija mitralnog zaliska
I34.0	inclusion	Inkompetencija mitralnog zaliska neoznačena ili određenog uzroka, izuzev reumatskog
I34.0	inclusion	Regurgitacija mitralnog zaliska neoznačena ili određenog uzroka, izuzev reumatskog
I34.1	preferred	Prolaps mitralnog zaliska
I34.1	inclusion	Sindrom insuficijencije mitralnog zaliska
I34.1	exclusion	Marfanov sindrom Q87.4
I34.2	preferred	Nereumatsko suženje mitralnog zaliska
I34.8	preferred	Drugi nereumatski poremećaji mitralnog zaliska
I34.9	preferred	Nereumatski poremećaj mitralnog zaliska, neoznačen
I35	preferred	Nereumatski poremećaji aortnog zaliska Nereumatske bolesti aortnih zalistaka
I35	exclusion	hipertrofična subaortna stenoza I42.1
I35	exclusion	kada uzrok nije definisan ali se pominjeoboljenje mitralnog zaliska I08.0
I35	exclusion	kada su označeni kao urođeni Q23.2Q23.3
I35	exclusion	kada su označeni kao reumatski I06.-
I35.0	preferred	Suženje zaliska aorte
I35.1	preferred	Insuficijencija aortnih zalistaka
I35.1	inclusion	Inkompetencija aortnog zaliska neoznačena ili određenog uzroka, izuzev reumatskog
I35.1	inclusion	Regurgitacija aortnog zaliska neoznačena ili određenog uzroka, izuzev reumatskog
I35.2	preferred	Nereumatsko suženje sa insuficijencijom aortnog zaliska
I35.8	preferred	Drugi poremećaji aortnog zaliska
I35.9	preferred	Poremećaj aortnog zaliska, neoznačen
I36	preferred	Nereumatski poremećaji trikuspidalnog zaliska
I36	exclusion	kada su neoznačenog uzroka I07.-
I36	exclusion	kada su označeni kao urođeni Q22.4Q22.8 Q22.9
I36	exclusion	kada su označeni kao reumatski I07.-
I36.0	preferred	Nereumatsko suženje trikuspidalnog zaliska
I36.1	preferred	Nereumatska insuficijencija trikuspidalnog zaliska Nereumatske bolesti trikuspidalnih zalistaka
I36.1	inclusion	Inkompetencija trolisnog zaliska određenog uzroka, izuzev reumatskog
I36.1	inclusion	Regurgitacija aortnog zaliska  određenog uzroka, izuzev reumatskog
I36.2	preferred	Nereumatsko suženje sa insuficijencijom trikuspidalnog zaliska
I36.8	preferred	Drugi nereumatski poremećaji trikuspidalnog zaliska
I36.9	preferred	Nereumatski poremećaj (bolest) trikuspidalnog zaliska, neoznačen
I37	preferred	Poremećaji zaliska plućne arterije
I37	exclusion	kada su označeni kao urođeni Q22.1Q22.2Q22.3
I37	exclusion	kada su označeni kao reumatski I09.8
I37.0	preferred	Suženje zaliska plućne arterije
I37.1	preferred	Insuficijencija zalistaka plućne arterije
I37.1	inclusion	Inkompetencija zaliska plućne arterije neoznačena ili određenog uzroka, izuzev reumatskog
I37.1	inclusion	Regurgitacija aortnog zaliska neoznačena ili određenog uzroka, izuzev reumatskog
I37.2	preferred	Suženje sa insuficijencijom zaliska plućne arterije
I37.8	preferred	Drugi poremećaji zaliska plućne arterije
I37.9	preferred	Poremećaj zaliska plućne arterije, neoznačen
I38	preferred	Zapaljenje endokarda, zalistak neoznačen
I38	inclusion	Hronični endokarditis, neozačen
I38	inclusion	Inkompetencija zaliska neoznačena ili određenog uzroka, izuzev reumatskog ili urođenog
I38	inclusion	Insuficijencija  zaliska neoznačena ili određenog uzroka, izuzev reumatskog ili urođenog
I38	inclusion	Regurgitacija  zaliska neoznačena ili određenog uzroka, izuzev reumatskog ili urođenog
I38	inclusion	Stenoza zaliska neoznačena ili određenog uzroka, izuzev reumatskog ili urođenog
I38	inclusion	Hronično zapaljenje zaliska neoznačeno ili određenog uzroka, izuzev reumatskog ili urođenog
I38	exclusion	Urođena insuficijencija srčanog zaliska neoznačena Q24.8
I38	exclusion	Urođena stenoza srčanog zaliska neoznačena Q24.8
I38	exclusion	Endokardijalna fibroelastoza  I42.4
I38	exclusion	kada je označeno kao reumatsko zapaljenje I091
I39	preferred	Zapaljenje endokarda i poremećaj srčanog zaliska u drugim bolestima
I39	inclusion	Kandidijaza endokarda B 37.6
I39	inclusion	Gonokokni endokarditis A54.8
I39	inclusion	Libman–Sacks endocarditis M32.1
I39	inclusion	Meningokokni endokarditis A39.5
I39	inclusion	Endokarditis u reumatoidnog zapaljenja zsa zahvatanjem drugih organa i sistema M05.3
I39	inclusion	Endokarditis u okviru sifilisa srca i krvnih sudova A 52.0
I39	inclusion	Endokarditis u okviru tuberkuloze A18.8
I39	inclusion	Endokarditis u okviru trbušnog tifusa A01.0
I39.0	preferred	Bolesti (poremećaji) mitralnog zaliska u drugim bolestima
I39.1	preferred	Bolesti (poremećaji) zaliska aorte u drugim bolestima
I39.2	preferred	Bolesti (poremećaji) trikuspidalnog zaliska u drugim bolestima
I39.3	preferred	Bolesti (poremećaji) zaliska plućne arterije u drugim bolestima
I39.4	preferred	Bolesti (poremećaji) više zalistaka u drugim bolestima
I39.8	preferred	Zapaljenje endokarda neoznačenog srčanog zalistka u drugim bolestima 
I40	preferred	Akutno zapaljenje srčanog mišića
I40.0	preferred	Zarazno zapaljenje srčanog mišića
I40.0	inclusion	Septični miokarditis
I40.0	coding-hint	Koristiti dodatne šifre (B95-B97) za identifikaciju infektivnog agensa
I40.1	preferred	Izolovano zapaljenje srčanog mišića
I40.8	preferred	Druga akutna zapaljenja srčanog mišića
I40.9	preferred	Akutno zapaljenje srčanog mišića, neoznačeno
I41	preferred	Zapaljenje srčanog mišića u drugim bolestima
I41.0	preferred	Zapaljenje srčanog mišića u bakterijskim bolestima
I41.0	inclusion	Difterični miokarditis A36.8
I41.0	inclusion	Gonokokni miokarditis A54.8
I41.0	inclusion	Meningokokni miokarditis A39.5
I41.0	inclusion	Miokarditis u okviru sifilisa srca i krvnih sudova A 52.0
I41.0	inclusion	Miokarditis u okviru tuberkuloze A18.8
I41.1	preferred	Zapaljenje srčanog mišića u virusnim bolestima
I41.1	inclusion	Akutni miokarditis u okviru gripa: avijarni virus identifikovan J09
I41.1	inclusion	Akutni miokarditis u okviru gripa: identifikovan drugi virus gripa 10.8
I41.1	inclusion	Akutni miokarditis u okviru gripa: virus nije identifikovan 11.8
I41.1	inclusion	Miokarditis u okviru parotitisa B26.8
I41.2	preferred	Zapaljenje srčanog mišića u zaraznim i parazitarnim bolestima
I41.2	inclusion	Miokarditis u okviru:  Chagasova bolest
I41.2	inclusion	Miokarditis u okviru: akutna Chagasova bolest
I41.2	inclusion	Miokarditis u okviru:  toksoplazmoza  B58.8
I41.8	preferred	Zapaljenje srčanog mišića u drugim bolestima
I41.8	inclusion	Reumatoidni miokarditis M05.3
I41.8	inclusion	Miokarditis u okviru sarkoidoze
I42	preferred	Kardiomiopatija
I42	exclusion	kardiomiopatija kao koplikacija u trudnoći O99.4
I42	exclusion	kardiomiopatija kao komplikacija u babinju O90.3
I42	exclusion	Ishemijska kardiomiopatija 25.5
I42.0	preferred	Dilatirajuća kardiomiopatija
I42.0	inclusion	Kongestivna kardiomiopatija
I42.1	preferred	Opstruktivna hipertrofična kardiomiopatija
I42.1	inclusion	hipertrofična subaortna stenoza
I42.2	preferred	Druga hipertrofična kardiomiopatija
I42.2	inclusion	Neopstruktina hipetrofična kardiomiopatija
I42.3	preferred	Endomiokardijalna (eozinofilna) bolest
I42.3	inclusion	Endomiokardna fibroza (tropska)
I42.3	inclusion	Endokarditis Loffler
I42.4	preferred	Endokardijalna fibroelastoza
I42.4	inclusion	Urođena kardiomiopatija
I42.5	preferred	Druga restriktivna kardiomiopatija
I42.5	inclusion	Konstriktivna kardiomiopatija neoznačena
I42.6	preferred	Alkoholna kardiomiopatija
I42.7	preferred	Kardiomiopatija  uzrokovano upotrebom ljekova i drugih spoljašnjih činioca
I42.7	coding-hint	Koristiti dodatne šifre spoljnih uzroka (Grupa XX) za identifikaciju uzroka.
I42.8	preferred	Druge kardiomiopatija
I42.9	preferred	Kardiomiopatija, neoznačena
I42.9	inclusion	Kardiomiopatija (primarna) (sekundarna) neoznačena
I43	preferred	Kardiomiopatija u drugim bolestima
I43.0	preferred	Kardiomiopatija u zaraznim i parazitarnim bolestima
I43.0	inclusion	Kardiomiopatija u difteriji A36.8
I43.1	preferred	Oboljenje srčanog mišića  u bolestima metabolizma
I43.1	inclusion	Amiloidoza srca E85.-
I43.2	preferred	Kardiomiopatija u bolestima ishrane
I43.2	inclusion	Nutritivna kardiomiopatija neoznačena 63.9 
I43.8	preferred	Kardiomiopatija u drugim bolestima
I43.8	inclusion	Kardiomiopatija u bolestima: giht 10.0
I43.8	inclusion	Tireotoksična kardiomiopatija E05.9
I44	preferred	Atrioventrikularni blok i blok lijeve grane
I44.0	preferred	Atrioventrikularni blok, prvi stepen
I44.1	preferred	Atrioventrikularni blok, drugi stepen
I44.1	inclusion	Atrioventrikularni blok, tip I i II
I44.1	inclusion	Mobitzov blok, tip I i II
I44.1	inclusion	Blok drugog stepena, tip I i II
I44.1	inclusion	Wenckebachov blok
I44.2	preferred	Kompletan atrioventrikularni blok
I44.2	inclusion	Potpun atrioventrikularni blok, neoznačen
I44.2	inclusion	Atrioventrikularni blok trećeg stepena
I44.3	preferred	Drugi i neoznačen atrioventrikularni blok
I44.3	inclusion	Atrioventrikularni blok neoznačen
I44.4	preferred	Prednji lijevi fascikularni blok
I44.5	preferred	Zadnji lijevi fascikularni blok
I44.6	preferred	Drugi i neoznačeni fascikularni blok
I44.6	inclusion	Hemi
I44.7	preferred	Blok lijevog snopa, neoznačen
I45	preferred	Ostali poremećaji sprovodnog sistema srca
I45.0	preferred	Blok desnog snopa
I45.1	preferred	Drugi i neoznačeni blok desnog snopa
I45.1	inclusion	Blok lijevog snopa, neoznačen
I45.2	preferred	Bifascikularni blok
I45.3	preferred	Trifascikularni blok
I45.4	preferred	Neoznačeni ventrikularni blok
I45.4	inclusion	Blok snopa neoznačen
I45.5	preferred	Drugi označeni blok  zastoj srca
I45.5	inclusion	Sino-atrijalni blok
I45.5	inclusion	Sino-aurikularni blok
I45.5	exclusion	Zastoj srca neoznačen I45.9
I45.6	preferred	Sindrom preranog nadrazivanja (preeksitacijski sindrom)
I45.6	inclusion	Nepravilna atrioventrikularna ekscitacija
I45.6	inclusion	Atrioventrikularno sprovođenje: ubrzano
I45.6	inclusion	Atrioventrikularno sprovođenje: akcesorno  (dodatno)
I45.6	inclusion	Atrioventrikularno sprovođenje: preekscitacija
I45.6	inclusion	Lown–Ganong–Levinov sindrom
I45.6	inclusion	Wolf–Parkinson–Whitov sindrom
I45.8	preferred	Drugi označeni poremećaji sprovodnog sistema srca
I45.8	inclusion	Atrioventrikularna [AV] disociacija
I45.8	inclusion	Disociacija sa smetnjama (interferencijom)
I45.8	inclusion	Sindorm dugog QT intervala
I45.8	exclusion	produženi QT interval (R94.3)
I45.9	preferred	Poremećaj sprovodnog sistema srca, neoznačen
I45.9	inclusion	Srčani blok neoznačen
I45.9	inclusion	Stokes-Adamsov sindrom
I46	preferred	Zastoj srca
I46	exclusion	kardiogeni šok (R57.0)
I46	exclusion	kao komplikacija pobačaja ili vanmaterične ili molarne trudnoće  O00-O07O08.8
I46	exclusion	kao komplikacija: hirurških ili drugih procedura u akušerstvu O75.4
I46.0	preferred	Zastoj srca sa uspješnom reanimacijom
I46.1	preferred	Iznenadna srčana smrt, opisana kao takva
I46.1	exclusion	Iznenadna  smrt, neoznačena
I46.1	exclusion	Iznenadna  smrt sa poremećajem sprovođenja I44-I45
I46.1	exclusion	Iznenadna  smrt sa infartkom miokarda 21-I22
I46.9	preferred	Zastoj srca, neoznačen
I47	preferred	Paroksizmalna tahikardija
I47	exclusion	kao komplikacija: pobačaja ili vanmeterične ili molarne trudnoće O00-O07O08.8
I47	exclusion	kao komplikacija: hirurških ili drugih procedura u akušerstvu O75.4
I47	exclusion	tahikardija: neoznačeno R00.0
I47	exclusion	tahikardija: sinoaurikularna neoznačena R00.0
I47	exclusion	tahikardija: sinusna  neoznačena R00.0
I47.0	preferred	Cirkularna ventrikularna aritmija
I47.1	preferred	Supraventrikularna tahikardija
I47.1	inclusion	Paroksizmalna tahikardija: atrijalna
I47.1	inclusion	Paroksizmalna tahikardija: atrioventrikularna (AV)
I47.1	inclusion	Paroksizmalna tahikardija: junkcijska
I47.1	inclusion	Paroksizmalna tahikardija: nodalna
I47.2	preferred	Ventrikularna tahikardija
I47.9	preferred	Paroksizmalna tahikardija, neoznačena
I47.9	inclusion	Bouveretov(-Hoffmannov) sindrom
I48	preferred	Atrijalna fibrilacija i flater
I49	preferred	Ostale srčane aritmije
I49	exclusion	bradikardija, neoznačena (R00.1)
I49	exclusion	bradikardija,  sinoatrialna (R00.1)
I49	exclusion	bradikardija,  sinnusna (R00.1)
I49	exclusion	bradikardija,   vagusna (R00.1)
I49	exclusion	kao komplikacija: pobačaja ili vanmeterične ili molarne trudnoće O00-O07O08.8
I49	exclusion	kao komplikacija: hirurških ili drugih procedura u akušerstvu O75.4
I49	exclusion	Poremećaj ritma srca novorođenčeta P29.1
I49.0	preferred	Ventrikularna fibrilacija i flater (treperenje i lepršanje komora)
I49.1	preferred	Atrijalna preuranjena depolarizacija
I49.1	inclusion	Preuranjene atrijalne ekstrastistole
I49.2	preferred	Nodalna preuranjena depolarizacija
I49.3	preferred	Ventrikularna preuranjena depolarizacija
I49.4	preferred	Drugi neoznačeni poremećaj ritma srca, neoznačen
I49.4	inclusion	Ektopični udari
I49.4	inclusion	Ekstrasistole
I49.4	inclusion	Ekstrasistolne aritmije
I49.4	inclusion	Prevremeni udari, neoznačeno
I49.4	inclusion	Prevremene kontrakcije, neoznačeno
I49.5	preferred	Sindrom bolesnog sinusa
I49.5	inclusion	Tahikardija-bradikardija sindrom
I49.8	preferred	Druge označene srčane aritmije
I49.8	inclusion	Poremećaj ritma koji potiče iz koronarnog sinusa
I49.8	inclusion	Ektopični poremećaj ritma
I49.8	inclusion	Nodalni poremećaj ritma
I49.9	preferred	Srčana aritmija, nespecifična
I49.9	inclusion	Aritmija (srčana) neoznačena
I50	preferred	Insuficijencija srca
I50	exclusion	kao komplikacija: pobačaja ili vanmeterične ili molarne trudnoće O00-O07O08.8
I50	exclusion	kao komplikacija: hirurških ili drugih procedura u akušerstvu O75.4
I50	exclusion	kao posledica hipertenzije I11.0 sa hipertenzivnom bolesti bubrega I13.-
I50	exclusion	Kao posledic a operacije na srcu ili zbog prisustva srčane proteze I97.1
I50	exclusion	Srčana insuficijencija novorođenčeta P29.0
I50.0	preferred	Kongestivna (zastojna) insuficijencija srca
I50.0	inclusion	Kongestivna (zastojna) bolest srca
I50.0	inclusion	Insuficijencija desne komore (sekundarno usled insuficijencije lijevog srca)
I50.1	preferred	Insuficijencija lijeve komore srca
I50.1	inclusion	Kardijalna (srčana) astma
I50.1	inclusion	Insuficijencija lijevog srca
I50.1	inclusion	Edem pluća sa pominjanjem bolesti srca neozačane ili srčane insuficijencije
I50.1	inclusion	Plućni edem sa pominjanjem bolesti srca neozačane ili srčane insuficijencije
I50.9	preferred	Insuficijencija srca, neoznačena
I50.9	inclusion	Srčana insuficijencija, insuficijencija srca ili miokardna insuficijencija neoznačena
I51	preferred	Komplikacije i nedovoljno definisane bolesti srca
I51	exclusion	bilo koje stanje u I51.4-I51.9 usled hipertenzije I11.-
I51	exclusion	bilo koje stanje u I51.4-I51.9 usled hipertenzije sa hipertenzivnom bolesti bubrega I13.-
I51	exclusion	Komplikacije posle akutnog infarkta miokarda I23.-
I51	exclusion	tamo gdje su identifikovani kao reumatski I00-I09 
I51.0	preferred	Stečeni defekt srčane pregrade
I51.0	inclusion	Stečeni defekt pregrade (stari): atrijalni
I51.0	inclusion	Stečeni defekt pregrade (stari): aurikularni
I51.0	inclusion	Stečeni defekt pregrade (stari): ventrikularni
I51.1	preferred	Ruptura horde tendineje, neklasifikovana na drugom mestu
I51.2	preferred	Ruptura papilarnog mišića, neklasifikovana na drugom mjestu
I51.3	preferred	Intrakardijalna tromboza, neklasifikovana na drugom mestu
I51.3	inclusion	Tromboza (stara): apikalna
I51.3	inclusion	Tromboza (stara): atrijalna
I51.3	inclusion	Tromboza (stara): aurikularna
I51.3	inclusion	Tromboza (stara): ventrikularna
I51.4	preferred	Zapaljenje srčanog mišića (miokarditis), neoznačeno
I51.4	inclusion	Miokardna fibroza
I51.4	inclusion	Miokarditis: neoznačeno
I51.4	inclusion	Miokarditis: hronični (intersticijski)
I51.5	preferred	Degeneracija srčanog mišića (miokarda)
I51.5	inclusion	Degeneracija srca ili miokarda: masna
I51.5	inclusion	Degeneracija srca ili miokarda: starosna
I51.5	inclusion	Oboljenje miokarda
I51.6	preferred	Kardiovaskularna bolest, neoznačena
I51.6	inclusion	Kardiovaskularni akcident, neoznačeno
I51.6	exclusion	Aterosklerotična kardiovaskularna bolest kao što je opisano u I25.0
I51.7	preferred	Kardiomegalija (veliko srce)
I51.7	inclusion	Srčana: dilatacija
I51.7	inclusion	Srčana: hipertrofija
I51.7	inclusion	Dilatacija ventrikula (komora) srca
I51.8	preferred	Druge nedovoljno definisane bolesti srca
I51.8	inclusion	Karditis (akutni)(hronični)
I51.8	inclusion	Pankarditis (akutni)(hronični)
I51.9	preferred	Bolest srca, neoznačena
I52	preferred	Druge bolesti srca u bolestima klasifikovanim na drugom mestu
I52	exclusion	Kardiovaskularni poremećaji neoznačeni u bolestima klasifikovanim na drugom mjestu I98.- 
I52.0	preferred	Drugi poremećaji srca u bakterijskim bolestima klasifikovanim na drugom mestu
I52.0	inclusion	Bolest srca uzrokovana meningokokom,neklasifikovana na drugom mjestu A39.5
I52.1	preferred	Druge bolesti srca u drugim zaraznim i parazitarnim bolestima klasifikovanim na drugom mjestu
I52.1	inclusion	Plućno srce u šistozomijazi  B65.-
I52.8	preferred	Drugi poremećaji srca u drugim bolestima
I52.8	inclusion	Reumatoidni karditis M05.3
I60-I69	preferred	Cerebrovaskularne bolesti
I60-I69	inclusion	Bolesti izazvane povišenim krvnim pritiskom (I10-I15)
I60-I69	coding-hint	Po potrebi koristiti dodatne šifre u cilju identifikacije prisustva hipertenzije.
I60-I69	exclusion	Prolazni cerebralni ishemijski napadi i srodni sindromi G45.-
I60-I69	exclusion	traumatska intrakranijalna hemoragija S06.-
I60-I69	exclusion	vaskularna demencija F01.-
I60	preferred	Subarahnoidalno krvarenje
I60	inclusion	Rupturirana cerebralna aneurizma
I60	exclusion	Posljedice subarahnoidalne hemoragije
I60.0	preferred	Subarahnoidalno krvarenje iz sifona i bifurkacije karotidne arterije
I60.1	preferred	Subarahnoidalno krvarenje iz srednje arterije mozga
I60.2	preferred	Subarahnoidalno krvarenje iz prednje spojnične arterije
I60.3	preferred	Subarahnoidalno krvarenje iz zadnje spojnične arterije
I60.4	preferred	Subarahnoidalno krvarenje iz arterije baze mozga
I60.5	preferred	Subarahnoidalno krvarenje iz vertebralne arterije
I60.6	preferred	Subarahnoidalno krvarenje iz drugih intrakranijalnih arterija
I60.6	inclusion	Višestruko učešće intrakranijalnih arterija.
I60.7	preferred	Subarahnoidalno krvarenje iz kranijalne arterije, neoznačeno
I60.7	inclusion	Rupturirana (kongenitalna) bobičasta aneurizma, neoznačena
I60.7	inclusion	Subarahnoidalna hemoragija iz: cerebralne arterije neoznačene
I60.7	inclusion	Subarahnoidalna hemoragija iz: komunikantne arterije neoznačene
I60.8	preferred	Drugo subarahnoidalno krvarenje
I60.8	inclusion	Meningealno krvarenje
I60.8	inclusion	Ruptura moždane arteriovenske malformacije
I60.9	preferred	Subarahnoidalno krvarenje, neoznačeno
I60.9	inclusion	Ruptura (urođene) moždane aneurizme neoznačeno
I61	preferred	Krvarenje u mozgu
I61	exclusion	posljedice krvarenja u mozgu I69.1
I61.0	preferred	Intracerebralno krvarenje u hemisferi ispod kore mozga
I61.0	inclusion	Duboko intracerebralno krvarenje
I61.1	preferred	Intracerebralno krvarenje u hemisferi u kori mozga
I61.1	inclusion	Krvarenje u moždanom režnju
I61.1	inclusion	Površno intracerebralno krvarenje
I61.2	preferred	Intracerebralno krvarenje u hemisferi, neoznačeno
I61.3	preferred	Intracerebralno krvarenje u stablu mozga
I61.4	preferred	Intracerebralno krvarenje u malom mozgu
I61.5	preferred	Intracerebralno krvarenje u komori mozga
I61.6	preferred	Krvarenje u mozgu sa višestrukom lokalizacijom
I61.8	preferred	Druga krvarenja u mozgu
I61.9	preferred	Krvarenje u mozgu, neoznačeno
I62	preferred	Ostalo netraumatsko krvarenje u mozgu
I62	exclusion	posljedice intrakranijalne hemoragije (krvarenja u lobanjskoj duplji) I69.2
I62.0	preferred	Krvarenje ispod tvrde mozdanice (akutno, netraumatsko)
I62.1	preferred	Netraumatsko ekstraduralno krvarenje
I62.1	inclusion	Netraumatsko epiduralno krvarenje
I62.9	preferred	Krvarenje u lobanjskoj duplji (netraumatsko), neoznačeno
I63	preferred	Infarkt mozga
I63	inclusion	okluzija i stenoza cerebralnih i precerebralnih arterija što izaziva infarkt mozga
I63	exclusion	Posljedice infarkta mozga I69.3
I63.0	preferred	Infarkt mozga zbog tromboze premoždanih arterija
I63.1	preferred	Infarkt mozga zbog embolije premoždanih arterija
I63.2	preferred	Infarkt mozga zbog neoznačene okluzije ili stenoze premoždanih arterija
I63.3	preferred	Infarkt mozga zbog tromboze arterija mozga
I63.4	preferred	Infarkt mozga zbog embolizma arterija mozga
I63.5	preferred	Infarkt mozga zbog neoznačene okluzije ili stenoze arterija mozga
I63.6	preferred	Infarkt mozga zbog negnojne tromboze u venama mozga
I63.8	preferred	Druge vrste infarkta mozga
I63.9	preferred	Infarkt mozga, neoznačen
I64	preferred	Apopleksija-moždana kap, neoznačena kao krvarenje ili infarkt mozga
I64	inclusion	Cerebrovaskularni insult (šlog, apopleksija, moždana kap) neoznačen
I64	exclusion	Posljedice apopleksije -moždane kapi  I69.4
I65	preferred	Okluzija i suženje premoždanih arterija bez infarkta mozga
I65	inclusion	embolija bazilarnih, karotidnih ili vertebralnih arterija, koja ne prouzrokuje infarkt mozga
I65	inclusion	suženje bazilarnih, karotidnih ili vertebralnih arterija, koja ne prouzrokuje infarkt mozga
I65	inclusion	opstrukcija bazilarnih, karotidnih ili vertebralnih arterija, koja ne prouzrokuje infarkt mozga
I65	inclusion	tromboza bazilarnih, karotidnih ili vertebralnih arterija, koja ne prouzrokuje infarkt mozga
I65	exclusion	kada prouzrokuje infarkt mozga I63.- 
I65.0	preferred	Okluzija i suženje vertebralne arterije
I65.1	preferred	Okluzija i suženje arterije baze mozga
I65.2	preferred	Okluzija i suženje karotidne arterije
I65.3	preferred	Višestruka i obostrana okluzija i suženje premoždanih arterija
I65.8	preferred	Okluzija i suženje druge premoždane arterije
I65.9	preferred	Okluzija i suženje neoznačene premoždane arterije, neodređeno
I65.9	inclusion	Precerebralna arterija, neoznačeno
I66	preferred	Okluzija i suženje arterija mozga, koje ne prouzrokuje infarkt mozga
I66	inclusion	Embolija arterija mozga (prednje, srednje i zadnje) koje ne prouzrokuje infarkt mozga
I66	inclusion	Suženje arterija mozga (prednje, srednje i zadnje) koje ne prouzrokuje infarkt mozga
I66	inclusion	Opstrukcija (potpuna) (djelimična) arterija mozga (prednje, srednje i zadnje) koje ne prouzrokuje infarkt mozga
I66	inclusion	Tromboza arterija mozga (prednje, srednje i zadnje) koje ne prouzrokuje infarkt mozga
I66	exclusion	kada prouzrokuje infarkt mozga I63.- 
I66.0	preferred	Okluzija i suženje srednje arterije mozga
I66.1	preferred	Okluzija i suženje prednje arterije mozga
I66.2	preferred	Okluzija i suženje zadnje arterije mozga
I66.3	preferred	Okluzija i suženje arterije malog mozga
I66.4	preferred	Obostrana i višestruka okluzija  i suženje  arterija mozga
I66.8	preferred	Drugo suženje i okluzija arterije mozga
I66.8	inclusion	Okluzija i suženje perforantnih arterija
I66.9	preferred	Okluzija i suženje neoznačene arterije mozga
I67	preferred	Druge cerebrovaskularne arterije
I67	exclusion	posljedice navedenih stanja I69.8
I67.0	preferred	Rascjep arterije mozga, bez rupture
I67.0	exclusion	ruptura arterija mozga I60.7
I67.1	preferred	Nerupturirana moždana aneurizma
I67.1	inclusion	Moždana aneurizma neoznačena
I67.1	inclusion	Moždana arteriovenska fistula, stečena
I67.1	exclusion	urođena, nerupturirana moždana aneurizma Q28.- 
I67.1	exclusion	ruptura moždane aneurizme I60.-
I67.2	preferred	Ateroskleroza krvnih sudova mozga
I67.2	inclusion	Aterom arterija mozga
I67.3	preferred	Progresivna vaskularna leukoencefalopatija
I67.3	inclusion	Biswangerova bolest
I67.3	exclusion	subkortikalna vaskularna demencija (F01.2)
I67.4	preferred	Encefalopatija uzrokovana visokim krvnim pritiskom
I67.5	preferred	Moyamoya bolest
I67.6	preferred	Negnojna tromboza intrakranijalnog venskog sistema
I67.6	inclusion	Negnojna tromboza moždane vene
I67.6	inclusion	Negnojna tromboza intrakranijalnog venskog sistema
I67.6	exclusion	kada prouzrokuje infarkt mozga I63.- 
I67.7	preferred	Zapaljenje arterije mozga, neklasifikovano na drugom mjestu
I67.8	preferred	Druge označene cerebrovaskularne bolesti
I67.8	inclusion	Akutna cerebrovaskularna insuficijencija neoznačena
I67.8	inclusion	Moždana ishemija (hronična)
I67.9	preferred	Cebrovaskularna bolest, neodređena
I68	preferred	Bolesti krvnih sudova mozga u bolestima klasifikovanim na drugom mjestu
I68.0	preferred	Amiloidno oboljenje krvnih sudova mozga E85.-
I68.1	preferred	Zapaljenje arterije mozga u zaraznim i parazitarnim bolestima klasifikovanim na drugom mjestu
I68.1	inclusion	Moždani arteritis: listerijski A32.8
I68.1	inclusion	Moždani arteritis: sifilitični A52.0
I68.1	inclusion	Moždani arteritis: tuberkulozni A18.8
I68.2	preferred	Zapaljenje arterije mozga u drugim bolestima klasifikovanim na drugom mjestu
I68.2	inclusion	Moždani arteritis u sistemskom eritematoznom  lupusu M32.1
I68.8	preferred	Druge cerebrovaskularne bolesti u drugim bolestima
I68.8	inclusion	Uremična apopleksija u hroničnoj bolesti bubrega N18.5
I69	preferred	Posljedice cerebrovaskularne bolesti
I69	note	Kategoriju I69 koristite da označite stanja u I60-I67 kao uzrok sekvele, bilo gdje da su klasifkovane: „Sekvele” (posljedice) odražavaju specifična stanja, ili postoje više od jedne godine poslije početka uzročne bolesti. Koristiti dodatne šifre (I60-I67) kod hronične cerebrovaskularne bolesti.
I69.0	preferred	Posljedice subarahnoidalnog krvarenja
I69.1	preferred	Posljedice krvarenja u mozgu
I69.2	preferred	Posljedice drugog netraumatskog intrakranijalnog krvarenja
I69.3	preferred	Posljedice infarkta mozga
I69.4	preferred	Posljedice apopleksije, koje nisu označene kao krvarenje ili infarkt
I69.8	preferred	Posljedice drugih i neoznačenih cerebrovaskularnih bolesti
I70-I79	preferred	Bolesti arterija, malih arterija i kapilara
I70	preferred	Ateroskleroza
I70	inclusion	arterioloskleroza
I70	inclusion	arterioskleroza
I70	inclusion	aterosklerotične vaskularne bolesti
I70	inclusion	aterom
I70	inclusion	degeneracija arterijska
I70	inclusion	degeneracija arteriovaskularna
I70	inclusion	degeneracija vaskularna
I70	inclusion	deformisani ili obliterisani endarteritis
I70	inclusion	starosni arteritis
I70	inclusion	starosni endarteritis
I70	exclusion	moždana I67.2
I70	exclusion	koronarna I25.1
I70	exclusion	mezenterična K55.1
I70	exclusion	pulmonalna I27.0
I70.0	preferred	Aterosklaroza aorte
I70.1	preferred	Aterosklaroza bubrežne arterije
I70.1	inclusion	Goldblattov bubreg (nefrogena hipertenzija)
I70.1	exclusion	ateroskleroza bubrežnih arteriola I12.-
I70.2	preferred	Aterosklaroza arterija ekstremiteta
I70.2	inclusion	Aterosklerotična gangrena
I70.2	inclusion	Mönckebergova skleroza (medije)
I70.8	preferred	Aterosklaroza drugih arterija
I70.9	preferred	Generalizovana i neoznačena aterosklaroza
I71	preferred	Aneurizma i rascjep aorte
I71.0	preferred	Disekcija aorte [bilo kog dela]
I71.0	inclusion	Rascijepljena aneurizma aorte (bilo koji dio)
I71.1	preferred	Aneurizma grudnog dijela aorte, sa rupturom
I71.2	preferred	Aneurizma grudnog dijela aorte, bez rupture
I71.3	preferred	Aneurizma trbušnog dijela aorte, sa rupturom
I71.4	preferred	Aneurizma trbušnog dijela aorte, bez ruture
I71.5	preferred	Aneurizma grudno-trbušnog dijela aorte, sa rupturom
I71.6	preferred	Aneurizma grudno-trbušnog dijela aorte, bez rupture
I71.8	preferred	Aneurizma neoznačenog dijela aorte, sa rupturom
I71.8	inclusion	Ruptura aorte neoznačena
I71.9	preferred	Aneurizma neoznačenog dijela aorte, bez pominjanja rupture
I71.9	inclusion	Aneurizma aorte
I71.9	inclusion	Dilatacija aorte
I71.9	inclusion	Hialina nekroza aorte
I72	preferred	Ostale aneurizme i rascjepi
I72	inclusion	aneurizma (cirkoidna)(lažna)(sa rupturom)
I72	exclusion	aneurizma: aorte I71.-
I72	exclusion	aneurizma: arteriovenska neoznačena Q27.3
I72	exclusion	aneurizma: arteriovenska neoznačena stečena I77.0
I72	exclusion	aneurizma  arterije mozga (nerupturirana) I67.1
I72	exclusion	aneurizma arterije mozga, sa rupturpom I60.- 
I72	exclusion	aneurizma: koronarne arterije I25.4
I72	exclusion	aneurizma: srca I25.3
I72	exclusion	aneurizma: plućne arterije I28.1
I72	exclusion	aneurizma mrežnjače (retine) H35.0
I72	exclusion	aneurizma: varikozna I77.0
I72	exclusion	rascjep precerebralne arterije, urođen (nerupturiran) Q28.1
I72.0	preferred	Aneurizma i rascjep karotidne arterije
I72.1	preferred	Aneurizma i rascjep arterije gornjeg ekstremiteta
I72.2	preferred	Aneurizma i rascjep bubrežne arterije
I72.3	preferred	Aneurizma i rascjep ilijačne arterije
I72.4	preferred	Aneurizma i rascjep arterije donjeg ekstremiteta
I72.5	preferred	Aneurizma i rascjep drugih premoždanih arterija
I72.5	inclusion	Aneurizma i rascjep bazilarne arterije (stabla)
I72.5	exclusion	Aneurizma i rascjep karotidne arterije  I72.0
I72.5	exclusion	Aneurizma i rascjep vertebralne arterije I72.6
I72.8	preferred	Aneurizme i rascjep drugih označenih arterija
I72.9	preferred	Aneurizma i rascjep neoznačene lokalizacije
I73	preferred	Ostale bolesti perifernih krvnih sudova
I73	exclusion	Promrzline T69.1
I73	exclusion	PromrzlineT33-T35
I73	exclusion	Potapanje ruku i stopala (rovovsko stopalo) T 69.0
I73	exclusion	Spazam moždane arterije G45.9
I73.0	preferred	Raynaudov sindrom
I73.0	inclusion	Raynaudova: bolest
I73.0	inclusion	Raynaudova: gangrena
I73.0	inclusion	Raynaudov: fenomen (sekundarni)
I73.1	preferred	Obliterantni tromboangiitis [Buergerova bolest]
I73.8	preferred	Druge označene bolesti perifernih krvnih sudova
I73.8	inclusion	Akrocijanoza
I73.8	inclusion	Akroparestezija: jednostavna  [Shultze tip]
I73.8	inclusion	Akroparestezija: vazomotorna [Nothnageljev tip]
I73.8	inclusion	Eritrocianoza
I73.8	inclusion	Eritromelalgija
I73.9	preferred	Bolest perifernih krvnih sudova, neodređena
I73.9	inclusion	Intermitentna klaudikacija
I73.9	inclusion	Spazam arterije
I74	preferred	Embolija i tromboza arterija
I74	inclusion	infarkt (gangrena): embolijska
I74	inclusion	infarkt (gangrena): trombotična
I74	inclusion	okluzija: embolijska
I74	inclusion	okluzija: trombotična
I74	exclusion	embolija i tromboza: bazilarna (I63.0–I63.2, I65.1)
I74	exclusion	embolija i tromboza: karotidne arterije (I63.0–I63.2, I65.2)
I74	exclusion	embolija i tromboza: cerebralne arterije (I63.3–I63.5, I66.9)
I74	exclusion	kao komplikacija pobačaja ili vanmaterične ili molarne trudnoće  (O00-O07, O08.2)
I74	exclusion	embolija i tromboza: komplikacije trudnoće, porođaja i babinja (O88.-)
I74	exclusion	embolija i tromboza: koronarne arterije I21-I25
I74	exclusion	embolija i tromboza: mezenterične arterije
I74	exclusion	embolija i tromboza: precerebralne arterije (I63.0-I63.2, I65.9)
I74	exclusion	embolija i tromboza: plućne arterije (I26.-)
I74	exclusion	embolija i tromboza: bubrežne arterije (N28.0)
I74	exclusion	embolija i tromboza: retinalne arterije H34.-
I74	exclusion	embolija i tromboza: vertebralne arterije (I63.2, I65.0)
I74.0	preferred	Embolija i tromboza trbušne aorte
I74.0	inclusion	Sindrom bifurkacije aorte
I74.0	inclusion	Lericheov sindrom
I74.1	preferred	Embolija i tromboza drugih i neoznačenih dijelova aorte
I74.2	preferred	Embolija i tromboza arterija gornjih ekstremiteta
I74.3	preferred	Embolija i tromboza arterija donjih ekstremiteta
I74.4	preferred	Embolija i tromboza arterija ekstremiteta, neodređena
I74.4	inclusion	Embolija perifernih arterija
I74.5	preferred	Embolija i tromboza ilijačne arterije
I74.8	preferred	Embolija i tromboza drugih arterija
I74.9	preferred	Embolija i tromboza neoznačene arterije
I77	preferred	Ostali poremećaji arterija i malih arterija (arteriola) 
I77	exclusion	Sistemska oboljenja vezivnog tkiva (M30-M36)
I77	exclusion	Hipersenzitivni anginitis M31.0
I77	exclusion	Plućna arterija I28.-
I77.0	preferred	Stečena arteriovenska fistula
I77.0	inclusion	Aneurizmatski varikoziteti (variksi)
I77.0	inclusion	Stečena arteriovenska aneurizma 
I77.0	exclusion	Arteriovenska aneurizma neoznačena Q27.3
I77.0	exclusion	cerebralna 67.1
I77.0	exclusion	koronarne arterije I25.4
I77.0	exclusion	Traumatska -videjti povrede krvnih sudova po djelovima tijela.
I77.1	preferred	Suženje arterije
I77.2	preferred	Ruptura arterije
I77.2	inclusion	
I77.2	exclusion	Traumatska ruptura arterije-videjti povrede krvnih sudova po djelovima tijela.
I77.3	preferred	Fibromuskularna displazija arterija
I77.4	preferred	Sindrom pritiska celijačne arterije
I77.5	preferred	Nekroza arterije
I77.6	preferred	Zapaljenje arterije, neoznačeno
I77.6	inclusion	Aortitis neoznačen
I77.6	inclusion	Endarteritis neoznačen
I77.6	exclusion	arteritis ili endarteritis: aortnog luka [Takayasu]M31.4
I77.6	exclusion	arteritis ili endarteritis: cerebralni,neklasifikovan na drugom mjestu I67.7
I77.6	exclusion	arteritis ili endarteritis: koronarne arterije I25.8
I77.6	exclusion	arteritis ili endarteritis:deformantni I70.-
I77.6	exclusion	arteritis ili endarteritis: gigantocelularni M31.5-M31.6
I77.6	exclusion	arteritis ili endarteritis: obliterantni I70.-
I77.6	exclusion	arteritis ili endarteritis: starosni I70.-
I77.8	preferred	Drugi označeni poremećaji arterija i malih arterija
I77.8	inclusion	Erozija arterije
I77.8	inclusion	Uklus arterije
I77.9	preferred	Poremećaj arterija i malih arterija, neoznačen
I78	preferred	Bolesti krvnih kapilara
I78.0	preferred	Nasljedno proširenje krvnih kapilara (teleangiekatazija)
I78.0	inclusion	Rendu-Osler-Weberova bolest
I78.1	preferred	Benigni mladež
I78.1	inclusion	mladež: paukoliki
I78.1	inclusion	mladež: paukoliki
I78.1	inclusion	mladež: zvezdasti
I78.1	exclusion	mladež: neoznačen D22.-
I78.1	exclusion	mladež: plavi D22.-
I78.1	exclusion	mladež: plamenasti Q82.5
I78.1	exclusion	mladež: dlakasti D22.-
I78.1	exclusion	mladež: melanocitni D22.-
I78.1	exclusion	mladež: pigmentni D22.-
I78.1	exclusion	mladež: boje portskog vina Q82.5
I78.1	exclusion	mladež: boje krvi Q82.5
I78.1	exclusion	mladež: malinasti Q82.5
I78.1	exclusion	mladež: vaskularni neoznačen Q82.5
I78.1	exclusion	mladež: bradavičasti (Q82.5)
I78.8	preferred	Druge bolesti krvnih kapilara
I78.9	preferred	Bolest kapilara, neoznačena
I79	preferred	Poremećaj arterija, malih arterija i kapilara u drugim bolestima
I79.0	preferred	Aneurizma aorte u drugim bolestima
I79.0	inclusion	Sifilisna aneurizma aorte A52.0
I79.1	preferred	Zapaljenje aorte u drugim bolestima
I79.1	inclusion	Sifilisni aortitis A52.0
I79.2	preferred	Oboljenje perifernih krvnih sudova u drugim bolestima
I79.2	inclusion	Dijabetesna periferna antiopatija  (E10-E14 sa četvrtom šifrom .5)
I79.8	preferred	Drugi poremećaji arterija, malih arterija i kapilara u drugim bolestima
I80-I89	preferred	Bolesti vena, limfnih sudova i limfnih čvorova
I80	preferred	Flebitis (zapaljenje vene) i tromboflebitis (zapaljenje vene sa trombozom)
I80	inclusion	endoflebitis
I80	inclusion	zapaljenje vene
I80	inclusion	periflebitis
I80	inclusion	gnojni flebitis
I80	coding-hint	Koristiti dodatne šifre spoljnih uzroka (Grupa XX) za identifikaciju lijeka, ako je lijek uzrok.
I80	exclusion	flebitis i tromboflebitis kao komplikacija pobačaja ili vanmaterične ili molarne trudnoće (O00-O07; O08.7)
I80	exclusion	flebitis i tromboflebitis kao komplikacija  trudnoće, porođaja i babinja (O22.-, O87.-)
I80	exclusion	flebitis i tromboflebitis: intrakranijalni, interspinalni, septični ili neoznačeni G08
I80	exclusion	flebitis i tromboflebitis: intrakranijali, negnojni I67.6 
I80	exclusion	flebitis i tromboflebitis: intraspinalni, negnojni G95.1
I80	exclusion	flebitis i tromboflebitis: poprtalni (venski) K75.1
I80	exclusion	postflebitični sindrom (I87.0)
I80	exclusion	migrirajući tromboflebitis (I82.1)
I80.0	preferred	Zapaljenje površinskih vena i zapaljenje površinskih vena sa trombozom u donjim ekstremitetima
I80.1	preferred	Zapaljenje vene i zapaljenje vene sa trombozom u butnoj veni
I80.2	preferred	Zapaljenje vene i zapaljenje vene sa trombozom u dubokim venama donjih ekstremiteta
I80.2	inclusion	Duboka venska tromboza neoznačena
I80.3	preferred	Zapaljenje vene i zapaljenje vene sa trombozom u donjim ekstremitetima, neoznačeno
I80.3	inclusion	Embolija ili tromboza donjih ekstremiteta neoznačena
I80.8	preferred	Zapaljenja vena i zapaljenja vena sa trombozom drugih lokalizacija
I80.9	preferred	Zapaljenje vene i zapaljenje vene sa trombozom neoznačene lokalizacije
I81	preferred	Tromboza portne vene
I81	inclusion	Portalna (venska) opstrukcija
I81	exclusion	flebitis vene porte (K75.1)
I82	preferred	Ostale venske embolije i tromboze
I82	exclusion	venski embolizam i tromboza: cerebralne vene (I63.6, I67.6)
I82	exclusion	venski embolizam i tromboza kao komplikacija pobačaja ili vanmaterične ili molarne trudnoće (O00-O07; O08.7)
I82	exclusion	venski embolizam i tromboza  kao komplikacija trudnoće, porođaja i babinja (O22.-, O87.-)
I82	exclusion	venski embolizam i tromboza: koronarne vene I21-I25
I82	exclusion	venski embolizam i tromboza: intrakranialna i intraspinalna, septična ili neoznačena (G08)
I82	exclusion	venski embolizam i tromboza: intrakranialna, negnojna (I67.6)
I82	exclusion	venski embolizam i tromboza: intraspinalna, negnojna (G95.1)
I82	exclusion	venski embolizam i tromboza: donjih ekstremiteta (I80.–)
I82	exclusion	venski embolizam i tromboza:  mezenterijalne vene (K55.0)
I82	exclusion	venski embolizam i tromboza: vene porte (I81) 
I82	exclusion	venski embolizam i tromboza plućne vene (I26.-) 
I82.0	preferred	Budd-Chiarijev sindrom
I82.1	preferred	Šetajuće zapaljenje vena sa trombozom (migrirajući tromboflebitis)
I82.2	preferred	Embolija i tromboza šuplje vene
I82.3	preferred	Embolija i tromboza bubrežne vene
I82.8	preferred	Embolija i tromboza drugih označenih vena
I82.9	preferred	Embolija i tromboza  neodređene vene
I82.9	inclusion	Embolija vene neoznačeno
I82.9	inclusion	Tromboza (vene) neoznačeno
I83	preferred	Proširene vene donjih ekstremiteta
I83	exclusion	kao komplikacije trudnoće (O22.0)
I83	exclusion	kao komplikacija babinja (O87.8)
I83.0	preferred	Proširene vene donjih ekstremiteta sa grizlicama grizlicom (ulceracijom)
I83.0	inclusion	Bilo koje stanje u (I83.9) sa ulkusima donjih ekstremitata.
I83.0	inclusion	Varikozne ulcelarije donjih ekstremitata.
I83.1	preferred	Proširene vene donjih ekstremiteta sa zapaljenjem
I83.1	inclusion	Bilo koje stanje u (I83.9) sa zapaljenjem ili određeno kao upaljeni statzni dermatitis neoznačen
I83.2	preferred	Proširene vene donjih ekstremiteta sa zapaljenjem i ulceracijom
I83.2	inclusion	Bilo koje stanje u (I83.9) sa grizlicom i zapaljenjem.
I83.9	preferred	Proširene vene donjih ekstremiteta bez ulceracije ili zapaljenja
I83.9	inclusion	Flebektazija donjeg ekstremiteta (bilo kojeg dijela) ili neodređenog mjesta
I83.9	inclusion	Proširene vene donjeg ekstremiteta (bilo kojeg dijela) ili neodređenog mjesta
I83.9	inclusion	Variksi donjeg ekstremiteta (bilo kojeg dijela) ili neodređenog mjesta
I84	preferred	Šuljevi (hemoroidi)
I84	inclusion	Hrpe, čvorići
I84	inclusion	varikozne vene anusa i rektuma
I84	exclusion	kao komplikacija porođaja i babinja (O87.2)
I84	exclusion	kao komplikacija  trudnoće(O22.)
I84.0	preferred	Unutrašnji trombozirani šuljevi
I84.1	preferred	Unutrašnji šuljevi sa drugim komplikacijama
I84.1	inclusion	Unutrašnji šuljevi: krvareći
I84.1	inclusion	Unutrašnji šuljevi: prolabirani
I84.1	inclusion	Unutrašnji šuljevi: ukliješteni
I84.1	inclusion	Unutrašnji šuljevi: ucerisani
I84.2	preferred	Unutrasnji šuljevi bez komplikacija
I84.2	inclusion	Unutrašnji šuljevi neoznačeno
I84.3	preferred	Spoljašnji trombozirani šuljevi
I84.3	inclusion	Perianalni hematom (netraumatski)
I84.3	inclusion	Perianalna tromboza
I84.4	preferred	Spoljašnji šuljevi sa drugim komplikacijama
I84.4	inclusion	Spoljašnji šuljevi: krvareći
I84.4	inclusion	Spoljašnji šuljevi:prolabirani
I84.4	inclusion	Spoljašnji šuljevi: ukliješteni
I84.4	inclusion	Spoljašnji šuljevi: ulcerisani
I84.5	preferred	Spoljašnji suljevi bez komplikacija
I84.5	inclusion	Spoljašnji šuljevi neoznačeno
I84.6	preferred	Zaostale kožne priraslice šuljeva
I84.6	inclusion	
I84.7	preferred	Neoznačeni trombozirani šuljevi
I84.7	inclusion	Trombozirani hemoroidi (unutrašnji ili spoljni)
I84.8	preferred	Neoznačeni šuljevi sa drugim komplikacijama
I84.8	inclusion	Šuljevi, neodređeno da li su unutrašnji ili spoljašnji:  krvareći
I84.8	inclusion	Šuljevi, neodređeno da li su unutrašnji ili spoljašnji:  prolabirani
I84.8	inclusion	Šuljevi, neodređeno da li su unutrašnji ili spoljašnji:  ukliješteni
I84.8	inclusion	Šuljevi, neodređeno da li su unutrašnji ili spoljašnji:  ulcerisani
I84.9	preferred	Neoznačeni šuljevi bez komplikacija
I84.9	inclusion	Šuljevi neoznačeno
I85	preferred	Proširene vene jednjaka
I85.0	preferred	Proširene vene jednjaka sa krvarenjem
I85.9	preferred	Proširene vene jednjaka bez krvarenja
I85.9	inclusion	Proširene vene jednjaka neoznačeno
I86	preferred	Proširene vene drugih lokalizacija
I86	exclusion	proširene vene mrežnjače H35.0
I86	exclusion	proširene vene neodređenog mjesa I83.9
I86.0	preferred	Proširene podjezične vene
I86.1	preferred	Proširene vene mošnica
I86.1	inclusion	Varikokela
I86.2	preferred	Proširene vene karlice
I86.3	preferred	Proširene vene vulve
I86.3	exclusion	kao komplikacija komplikacija porođaja i babinja (O87.8)
I86.3	exclusion	kao komplikacija komplikacije trudnoće, (O22.1)
I86.4	preferred	Proširene vene želuca
I86.8	preferred	Proširene vene drugih označenih lokalizacija
I86.8	inclusion	Varikozni uklus nosne pregrade
I87	preferred	Drugi poremećaji vena
I87.0	preferred	Sindrom poslije  začepljenja spoljnih vena
I87.0	inclusion	Sindrom poslije zapaljenja spoljnih vena
I87.1	preferred	Pritisak na venu
I87.1	inclusion	Striktura vene
I87.1	inclusion	Sindorm vene kave (donje)(gornje)
I87.1	exclusion	plućne I28.8
I87.2	preferred	Insuficijencija vena (periferna)(hronična)
I87.8	preferred	Drugi označeni poremećaji vena
I87.9	preferred	Poremećaj vena, neoznačen
I88	preferred	Neoznačeno zapaljenje limfnih čvorova
I88	exclusion	akutni limfadenitis, osim mezenterijski L04.-
I88	exclusion	uvećani limfni čvorovi neoznačeno R59.- 
I88	exclusion	sida sa opštim oboljenjem limfnih žljezda (generalizovanom limfadenopatijom) B23.1
I88.0	preferred	Neoznačeno zapaljenje limfnih čvorova mezenterijuma
I88.0	inclusion	Zapaljenje limfnih čvorova mezenterijuma (akutno) (hronično)
I88.1	preferred	Hronično zapaljenje limfnih čvorova, osim mezenterijuma
I88.1	inclusion	Hronični adenitis bilo kog limfnog čvora, osim mezenterijuma
I88.1	inclusion	Hronični limfadenitis, bilo kog limfnog čvora, osim mezenterijuma
I88.8	preferred	Druga neoznačena zapaljenja limfnih čvorova
I88.9	preferred	Zapaljenje limfnog čvora, neoznačeno
I88.9	inclusion	Limfadenitis neoznačeno
I89	preferred	Ostali nezarazni poremećaj limfnih sudova i limfnih čvorova
I89	exclusion	Hilokela: filariaza B74.-
I89	exclusion	Hilokela:vaginalne ovojnice (bez filariaze) neoznačeno N50.8
I89	exclusion	uvećani limfni čvorovi neoznačeno R59.- 
I89	exclusion	nasljedni (heriditarni) limfedem Q82.0
I89	exclusion	Sindrom limfedema poslije mastektomije I97.2
I89.0	preferred	Limfedem, neklasifikovan na drugom mjestu
I89.0	inclusion	Limfangiektazije
I89.1	preferred	Zapaljenje limfnih sudova
I89.1	inclusion	Zapaljenje limfnih sudova: neoznačeno
I89.1	inclusion	Zapaljenje limfnih sudova: hronično
I89.1	inclusion	Zapaljenje limfnih sudova: subakutno
I89.1	exclusion	Akutni limfanginitis L03.-
I89.8	preferred	Drugi označeni nezarazni poremećaj limfnih sudova i limfnih čvorova
I89.8	inclusion	Hilokela (bez filariaze)
I89.8	inclusion	Lipomelanotična retikuloza
I89.9	preferred	Nezarazni poremećaj limfnih sudova i limfnih čvorova, neoznačen
I89.9	inclusion	Bolest limfnih sudova neoznačeno
I95-I99	preferred	Druge i neoznačene bolesti krvotoka
I95	preferred	Nizak krvni pritisak (hipotenzija)
I95	exclusion	kardiovaskularni kolaps R57.9
I95	exclusion	sindrom hipotenzije trudnice O26.5
I95	exclusion	nespecifični nizak krvni pritisak neoznačen R03.1
I95.0	preferred	Idiopatski nizak krvni pritisak (hipotenzija)
I95.1	preferred	Ortostatski nizak krvni pritisak (hipotenzija)
I95.1	inclusion	Posturalna  hipotenzija
I95.1	exclusion	Neurogena ortostatska hipotenzija  [Shy-Drager]G90.3
I95.2	preferred	Nizak krvni pritisak uzrokovan ljekovima
I95.2	coding-hint	Koristiti dodatne šifre spoljnih uzroka (Grupa XX) za identifikaciju lijeka.
I95.8	preferred	Drugi nizak krvni pritisak
I95.8	inclusion	Hronična hipotenzija
I95.9	preferred	Nizak krvni pritisak, neoznačen
I97	preferred	Poremećaji krvotoka poslije medicinskih intervencija, neklasifikovani na drugom mjestu
I97	exclusion	postoperativni šok T81.1
I97.0	preferred	Sindrom poslije operacije srca
I97.1	preferred	Drugi funkcijski poremećaji poslije operacije srca
I97.1	inclusion	Srčana insuficijencija nakon operacije na srcu ili zbog prisustva srčane proteze
I97.1	inclusion	Srčana insuficijencija nakon operacije na srcu ili zbog prisustva srčane proteze
I97.2	preferred	Sindrom limfedema poslije uklanjanja dojke
I97.2	inclusion	Elefantijaza usled mastektomije
I97.2	inclusion	Obliteracija limfnih sudova usled mastektomije
I97.8	preferred	Drugi poremećaji krvotoka poslije medicinskih intervencija, neklasifikovani na drugom mjestu
I97.9	preferred	Poremećaji krvotoka poslije medicinskih intervencija, neklasifikovani na drugom mjestu, neoznačen
I98	preferred	Ostali poremećaji krvotoka u drugim bolestima
I98	exclusion	Bolesti klasifikovane u drugim kategorijama sa zvezdicom (*), u okviru ove grupe.
I98.0	preferred	Sifilis srca i krvotoka
I98.0	inclusion	Sifilis srca i krvotoka (kardiovaskularni sifilis): neoznačen A52.0
I98.0	inclusion	Urođeni sifilis srca i krvnih sudova, pozni A50.5
I98.1	preferred	Poremećaji srca i krvnih sudova u drugim zaraznim i parazitarnim bolestima
I98.1	inclusion	Kardiovaskularne lezije u Chagasovoj bolesti (hroničnoj) ne klasifikovane na drugom mjesu B57.2
I98.1	inclusion	Kardiovaskularne: lezije "pinte" (ljuskasto-pegasto oboljenje kože) A67.2
I98.2	preferred	Proširene vene jednjaka bez krvarenja u drugim bolestima
I98.2	inclusion	Proširene vene jednjaka u: bolestima jetre K70-K71K74.-
I98.2	inclusion	Proširene vene jednjaka u: bolesti šistozomijazi B65.-
I98.3	preferred	Proširene vene jednjaka sa krvarenjem u drugim bolestima
I98.8	preferred	Drugi označeni poremećaji krvotoka u drugim bolestima
I99	preferred	Ostali i neoznačeni poremećaji krvotoka